00087a6bd4dc_03.jpg.jpg,1
00087a6bd4dc_04.jpg.jpg,1
00087a6bd4dc_09.jpg.jpg,5
00087a6bd4dc_13.jpg.jpg,7
02159e548029_05.jpg.jpg,3
02159e548029_12.jpg.jpg,5
02159e548029_14.jpg.jpg,7
03a857ce842d_01.jpg.jpg,1
03a857ce842d_02.jpg.jpg,1
03a857ce842d_11.jpg.jpg,5
03a857ce842d_15.jpg.jpg,7
0495dcf27283_04.jpg.jpg,1
0495dcf27283_05.jpg.jpg,3
0495dcf27283_13.jpg.jpg,7
0495dcf27283_14.jpg.jpg,7
0495dcf27283_16.jpg.jpg,7
04bd942b463b_02.jpg.jpg,1
04bd942b463b_04.jpg.jpg,1
04bd942b463b_05.jpg.jpg,3
04bd942b463b_06.jpg.jpg,3
04bd942b463b_08.jpg.jpg,3
04bd942b463b_11.jpg.jpg,5
0789bed99cb8_01.jpg.jpg,1
0789bed99cb8_02.jpg.jpg,1
0789bed99cb8_04.jpg.jpg,1
0789bed99cb8_05.jpg.jpg,3
0789bed99cb8_06.jpg.jpg,3
0789bed99cb8_08.jpg.jpg,3
0789bed99cb8_10.jpg.jpg,5
0789bed99cb8_16.jpg.jpg,7
0795e132d090_03.jpg.jpg,1
0795e132d090_09.jpg.jpg,5
0795e132d090_10.jpg.jpg,5
0795e132d090_13.jpg.jpg,7
0795e132d090_16.jpg.jpg,7
08a646be6b30_03.jpg.jpg,1
08a646be6b30_08.jpg.jpg,3
08a646be6b30_09.jpg.jpg,5
0cdf5b5d0ce1_03.jpg.jpg,1
0cdf5b5d0ce1_04.jpg.jpg,1
0cdf5b5d0ce1_07.jpg.jpg,3
0cdf5b5d0ce1_09.jpg.jpg,5
0cdf5b5d0ce1_11.jpg.jpg,5
0cdf5b5d0ce1_12.jpg.jpg,5
0cdf5b5d0ce1_13.jpg.jpg,7
0cdf5b5d0ce1_15.jpg.jpg,7
0ce66b539f52_02.jpg.jpg,1
0ce66b539f52_03.jpg.jpg,1
0ce66b539f52_04.jpg.jpg,1
0ce66b539f52_14.jpg.jpg,7
0d1a9caf4350_06.jpg.jpg,3
0d1a9caf4350_08.jpg.jpg,3
0d1a9caf4350_09.jpg.jpg,5
0d1a9caf4350_10.jpg.jpg,5
0d1a9caf4350_13.jpg.jpg,7
0d1a9caf4350_14.jpg.jpg,7
0d1a9caf4350_15.jpg.jpg,7
0d3adbbc9a8b_03.jpg.jpg,1
0d3adbbc9a8b_05.jpg.jpg,3
0d3adbbc9a8b_07.jpg.jpg,3
0d3adbbc9a8b_14.jpg.jpg,7
0d3adbbc9a8b_16.jpg.jpg,7
0d53224da2b7_01.jpg.jpg,1
0d53224da2b7_03.jpg.jpg,1
0d53224da2b7_09.jpg.jpg,5
0de66245f268_02.jpg.jpg,1
0de66245f268_04.jpg.jpg,1
0de66245f268_08.jpg.jpg,3
0de66245f268_09.jpg.jpg,5
0de66245f268_10.jpg.jpg,5
0de66245f268_13.jpg.jpg,7
0ed6904e1004_01.jpg.jpg,1
0ed6904e1004_05.jpg.jpg,3
0ed6904e1004_12.jpg.jpg,5
0ed6904e1004_14.jpg.jpg,7
0ed6904e1004_15.jpg.jpg,7
0ed6904e1004_16.jpg.jpg,7
0ee135a3cccc_03.jpg.jpg,1
0ee135a3cccc_09.jpg.jpg,5
0ee135a3cccc_16.jpg.jpg,7
0eeaf1ff136d_01.jpg.jpg,1
0eeaf1ff136d_02.jpg.jpg,1
0eeaf1ff136d_05.jpg.jpg,3
0eeaf1ff136d_07.jpg.jpg,3
0eeaf1ff136d_16.jpg.jpg,7
11acc40dc0ea_09.jpg.jpg,5
11acc40dc0ea_10.jpg.jpg,5
11acc40dc0ea_16.jpg.jpg,7
11f3dc041cfb_03.jpg.jpg,1
11f3dc041cfb_09.jpg.jpg,5
11f3dc041cfb_10.jpg.jpg,5
11f3dc041cfb_14.jpg.jpg,7
11f3dc041cfb_15.jpg.jpg,7
11f3dc041cfb_16.jpg.jpg,7
11fcda0a9e1c_01.jpg.jpg,1
11fcda0a9e1c_04.jpg.jpg,1
11fcda0a9e1c_06.jpg.jpg,3
11fcda0a9e1c_08.jpg.jpg,3
11fcda0a9e1c_09.jpg.jpg,5
11fcda0a9e1c_10.jpg.jpg,5
11fcda0a9e1c_12.jpg.jpg,5
11fcda0a9e1c_13.jpg.jpg,7
11fcda0a9e1c_14.jpg.jpg,7
11fcda0a9e1c_15.jpg.jpg,7
120c1dc7b116_09.jpg.jpg,5
1258cf954183_10.jpg.jpg,5
1258cf954183_11.jpg.jpg,5
1258cf954183_12.jpg.jpg,5
1258cf954183_14.jpg.jpg,7
1258cf954183_16.jpg.jpg,7
125cadcb9feb_01.jpg.jpg,1
125cadcb9feb_03.jpg.jpg,1
125cadcb9feb_04.jpg.jpg,1
125cadcb9feb_07.jpg.jpg,3
125cadcb9feb_08.jpg.jpg,3
125cadcb9feb_09.jpg.jpg,5
125cadcb9feb_15.jpg.jpg,7
1390696b70b6_01.jpg.jpg,1
1390696b70b6_07.jpg.jpg,3
1390696b70b6_15.jpg.jpg,7
13cad6eeabe8_01.jpg.jpg,1
13cad6eeabe8_03.jpg.jpg,1
13cad6eeabe8_07.jpg.jpg,3
151c7f2d4183_02.jpg.jpg,1
151c7f2d4183_05.jpg.jpg,3
151c7f2d4183_07.jpg.jpg,3
151c7f2d4183_08.jpg.jpg,3
151c7f2d4183_13.jpg.jpg,7
154ee2b6d27a_01.jpg.jpg,1
154ee2b6d27a_04.jpg.jpg,1
154ee2b6d27a_07.jpg.jpg,3
154ee2b6d27a_08.jpg.jpg,3
154ee2b6d27a_14.jpg.jpg,7
169f5f6d8c9d_03.jpg.jpg,1
169f5f6d8c9d_04.jpg.jpg,1
169f5f6d8c9d_06.jpg.jpg,3
169f5f6d8c9d_07.jpg.jpg,3
169f5f6d8c9d_10.jpg.jpg,5
16f0ec26d608_01.jpg.jpg,1
16f0ec26d608_03.jpg.jpg,1
16f0ec26d608_05.jpg.jpg,3
16f0ec26d608_08.jpg.jpg,3
189a2a32a615_01.jpg.jpg,1
189a2a32a615_03.jpg.jpg,1
189a2a32a615_11.jpg.jpg,5
189a2a32a615_15.jpg.jpg,7
1952e5f91de0_02.jpg.jpg,1
1952e5f91de0_03.jpg.jpg,1
1952e5f91de0_04.jpg.jpg,1
1a17a1bd648b_05.jpg.jpg,3
1a17a1bd648b_09.jpg.jpg,5
1a17a1bd648b_13.jpg.jpg,7
1a17a1bd648b_14.jpg.jpg,7
1aba91a601c6_02.jpg.jpg,1
1aba91a601c6_03.jpg.jpg,1
1aba91a601c6_11.jpg.jpg,5
1aba91a601c6_15.jpg.jpg,7
1aba91a601c6_16.jpg.jpg,7
1adaeb44f109_02.jpg.jpg,1
1adaeb44f109_08.jpg.jpg,3
1adaeb44f109_10.jpg.jpg,5
1adaeb44f109_14.jpg.jpg,7
1ae8a68a40e4_04.jpg.jpg,1
1ae8a68a40e4_06.jpg.jpg,3
1ae8a68a40e4_10.jpg.jpg,5
1ae8a68a40e4_11.jpg.jpg,5
1ae8a68a40e4_12.jpg.jpg,5
1b25ea8ba94d_07.jpg.jpg,3
1b25ea8ba94d_08.jpg.jpg,3
1b25ea8ba94d_13.jpg.jpg,7
1ba84b81628e_04.jpg.jpg,1
1ba84b81628e_07.jpg.jpg,3
1ba84b81628e_08.jpg.jpg,3
1ba84b81628e_09.jpg.jpg,5
1ba84b81628e_10.jpg.jpg,5
1ba84b81628e_12.jpg.jpg,5
1ba84b81628e_13.jpg.jpg,7
1ba84b81628e_14.jpg.jpg,7
1c5748340af8_05.jpg.jpg,3
1c5748340af8_09.jpg.jpg,5
1c5748340af8_13.jpg.jpg,7
1c5748340af8_14.jpg.jpg,7
1e6f48393e17_10.jpg.jpg,5
1e6f48393e17_13.jpg.jpg,7
1e6f48393e17_16.jpg.jpg,7
1e89e1af42e7_03.jpg.jpg,1
1e89e1af42e7_09.jpg.jpg,5
1e89e1af42e7_10.jpg.jpg,5
1e89e1af42e7_12.jpg.jpg,5
21a7e6726ee3_04.jpg.jpg,1
21a7e6726ee3_05.jpg.jpg,3
21a7e6726ee3_06.jpg.jpg,3
21a7e6726ee3_14.jpg.jpg,7
2267f4aa0d2c_04.jpg.jpg,1
2267f4aa0d2c_05.jpg.jpg,3
2267f4aa0d2c_10.jpg.jpg,5
2267f4aa0d2c_13.jpg.jpg,7
2335eef27de6_01.jpg.jpg,1
2335eef27de6_07.jpg.jpg,3
2335eef27de6_11.jpg.jpg,5
23c088f6ec27_07.jpg.jpg,3
23c088f6ec27_11.jpg.jpg,5
23c088f6ec27_16.jpg.jpg,7
245f9c9eab8a_03.jpg.jpg,1
245f9c9eab8a_04.jpg.jpg,1
245f9c9eab8a_05.jpg.jpg,3
245f9c9eab8a_08.jpg.jpg,3
245f9c9eab8a_09.jpg.jpg,5
245f9c9eab8a_12.jpg.jpg,5
26ccab021981_01.jpg.jpg,1
26ccab021981_04.jpg.jpg,1
26ccab021981_05.jpg.jpg,3
26ccab021981_08.jpg.jpg,3
26ccab021981_12.jpg.jpg,5
26ccab021981_15.jpg.jpg,7
28109f18d9d4_01.jpg.jpg,1
28109f18d9d4_08.jpg.jpg,3
28109f18d9d4_11.jpg.jpg,5
28109f18d9d4_14.jpg.jpg,7
28109f18d9d4_16.jpg.jpg,7
28d7fb5ba432_07.jpg.jpg,3
28d7fb5ba432_10.jpg.jpg,5
28d7fb5ba432_12.jpg.jpg,5
28d7fb5ba432_14.jpg.jpg,7
28d9a149cb02_04.jpg.jpg,1
28d9a149cb02_06.jpg.jpg,3
28d9a149cb02_07.jpg.jpg,3
28d9a149cb02_10.jpg.jpg,5
28d9a149cb02_11.jpg.jpg,5
28d9a149cb02_12.jpg.jpg,5
28d9a149cb02_13.jpg.jpg,7
28d9a149cb02_14.jpg.jpg,7
28d9a149cb02_16.jpg.jpg,7
292f59c6a347_01.jpg.jpg,1
292f59c6a347_02.jpg.jpg,1
292f59c6a347_05.jpg.jpg,3
292f59c6a347_10.jpg.jpg,5
292f59c6a347_11.jpg.jpg,5
292f59c6a347_15.jpg.jpg,7
293a0fa72e5b_01.jpg.jpg,1
293a0fa72e5b_02.jpg.jpg,1
293a0fa72e5b_07.jpg.jpg,3
293a0fa72e5b_10.jpg.jpg,5
293a0fa72e5b_12.jpg.jpg,5
293a0fa72e5b_14.jpg.jpg,7
2990f858e939_05.jpg.jpg,3
2990f858e939_16.jpg.jpg,7
2a4a8964ebf3_01.jpg.jpg,1
2a4a8964ebf3_02.jpg.jpg,1
2a4a8964ebf3_05.jpg.jpg,3
2a4a8964ebf3_09.jpg.jpg,5
2a4a8964ebf3_11.jpg.jpg,5
2af7c265531e_05.jpg.jpg,3
2af7c265531e_09.jpg.jpg,5
2af7c265531e_14.jpg.jpg,7
2c57132da7a0_05.jpg.jpg,3
2c57132da7a0_09.jpg.jpg,5
2c57132da7a0_16.jpg.jpg,7
2cb06c1f5bb1_08.jpg.jpg,3
2cb06c1f5bb1_09.jpg.jpg,5
2cb06c1f5bb1_10.jpg.jpg,5
2cb06c1f5bb1_11.jpg.jpg,5
2cb91c2543fa_01.jpg.jpg,1
2cb91c2543fa_07.jpg.jpg,3
2cb91c2543fa_10.jpg.jpg,5
2cb91c2543fa_11.jpg.jpg,5
2cb91c2543fa_12.jpg.jpg,5
2cb91c2543fa_15.jpg.jpg,7
2cb91c2543fa_16.jpg.jpg,7
2ea62c1beee7_06.jpg.jpg,3
2ea62c1beee7_09.jpg.jpg,5
2ea62c1beee7_13.jpg.jpg,7
2ea62c1beee7_14.jpg.jpg,7
2ea62c1beee7_16.jpg.jpg,7
2f39abb12388_01.jpg.jpg,1
2f39abb12388_06.jpg.jpg,3
2f39abb12388_07.jpg.jpg,3
2f39abb12388_15.jpg.jpg,7
2faf504842df_03.jpg.jpg,1
2faf504842df_04.jpg.jpg,1
2faf504842df_05.jpg.jpg,3
2faf504842df_06.jpg.jpg,3
2faf504842df_08.jpg.jpg,3
2faf504842df_12.jpg.jpg,5
304437bad7ff_02.jpg.jpg,1
304437bad7ff_05.jpg.jpg,3
304437bad7ff_06.jpg.jpg,3
304437bad7ff_14.jpg.jpg,7
3071362591f7_02.jpg.jpg,1
3071362591f7_08.jpg.jpg,3
3071362591f7_09.jpg.jpg,5
3071362591f7_11.jpg.jpg,5
3071362591f7_13.jpg.jpg,7
31186febd775_05.jpg.jpg,3
31186febd775_14.jpg.jpg,7
316bbfd3d93d_04.jpg.jpg,1
316bbfd3d93d_05.jpg.jpg,3
316bbfd3d93d_06.jpg.jpg,3
316bbfd3d93d_07.jpg.jpg,3
316bbfd3d93d_09.jpg.jpg,5
316bbfd3d93d_15.jpg.jpg,7
32edfb7723ff_02.jpg.jpg,1
32edfb7723ff_16.jpg.jpg,7
32ff007d9505_03.jpg.jpg,1
32ff007d9505_05.jpg.jpg,3
32ff007d9505_06.jpg.jpg,3
32ff007d9505_08.jpg.jpg,3
32ff007d9505_15.jpg.jpg,7
33a310ea7462_02.jpg.jpg,1
33a310ea7462_05.jpg.jpg,3
33a310ea7462_06.jpg.jpg,3
33a310ea7462_12.jpg.jpg,5
33a310ea7462_13.jpg.jpg,7
33a310ea7462_15.jpg.jpg,7
344ece157efc_04.jpg.jpg,1
344ece157efc_07.jpg.jpg,3
344ece157efc_08.jpg.jpg,3
344ece157efc_10.jpg.jpg,5
344ece157efc_12.jpg.jpg,5
344ece157efc_16.jpg.jpg,7
34b0c08544a5_01.jpg.jpg,1
34b0c08544a5_06.jpg.jpg,3
34b0c08544a5_08.jpg.jpg,3
34b0c08544a5_10.jpg.jpg,5
34b0c08544a5_12.jpg.jpg,5
34b0c08544a5_14.jpg.jpg,7
34b0c08544a5_16.jpg.jpg,7
34defeec3ce6_07.jpg.jpg,3
34defeec3ce6_09.jpg.jpg,5
34defeec3ce6_12.jpg.jpg,5
34defeec3ce6_16.jpg.jpg,7
351c583eabd6_10.jpg.jpg,5
351c583eabd6_15.jpg.jpg,7
351c583eabd6_16.jpg.jpg,7
3627b6f4c16d_01.jpg.jpg,1
3627b6f4c16d_02.jpg.jpg,1
3627b6f4c16d_03.jpg.jpg,1
3627b6f4c16d_04.jpg.jpg,1
3627b6f4c16d_05.jpg.jpg,3
3627b6f4c16d_06.jpg.jpg,3
3627b6f4c16d_08.jpg.jpg,3
3627b6f4c16d_09.jpg.jpg,5
3627b6f4c16d_10.jpg.jpg,5
3627b6f4c16d_12.jpg.jpg,5
3627b6f4c16d_13.jpg.jpg,7
3627b6f4c16d_16.jpg.jpg,7
364923a5002f_07.jpg.jpg,3
364923a5002f_09.jpg.jpg,5
364fd5fd7569_01.jpg.jpg,1
364fd5fd7569_04.jpg.jpg,1
364fd5fd7569_06.jpg.jpg,3
364fd5fd7569_07.jpg.jpg,3
364fd5fd7569_08.jpg.jpg,3
364fd5fd7569_10.jpg.jpg,5
364fd5fd7569_11.jpg.jpg,5
364fd5fd7569_12.jpg.jpg,5
364fd5fd7569_14.jpg.jpg,7
364fd5fd7569_16.jpg.jpg,7
36a3f7f77e85_04.jpg.jpg,1
36a3f7f77e85_05.jpg.jpg,3
36a3f7f77e85_08.jpg.jpg,3
36a3f7f77e85_09.jpg.jpg,5
371f057d1242_04.jpg.jpg,1
371f057d1242_09.jpg.jpg,5
371f057d1242_10.jpg.jpg,5
371f057d1242_15.jpg.jpg,7
3789e15178c7_01.jpg.jpg,1
3789e15178c7_03.jpg.jpg,1
3789e15178c7_05.jpg.jpg,3
3789e15178c7_07.jpg.jpg,3
3789e15178c7_08.jpg.jpg,3
3789e15178c7_09.jpg.jpg,5
3789e15178c7_12.jpg.jpg,5
3810c5e1cdeb_01.jpg.jpg,1
3810c5e1cdeb_05.jpg.jpg,3
3810c5e1cdeb_07.jpg.jpg,3
3810c5e1cdeb_08.jpg.jpg,3
3810c5e1cdeb_12.jpg.jpg,5
3810c5e1cdeb_13.jpg.jpg,7
3810c5e1cdeb_16.jpg.jpg,7
3a7a8f03e713_01.jpg.jpg,1
3a7a8f03e713_10.jpg.jpg,5
3afec4b5ac07_03.jpg.jpg,1
3afec4b5ac07_04.jpg.jpg,1
3afec4b5ac07_05.jpg.jpg,3
3afec4b5ac07_07.jpg.jpg,3
3afec4b5ac07_09.jpg.jpg,5
3afec4b5ac07_10.jpg.jpg,5
3afec4b5ac07_14.jpg.jpg,7
3afec4b5ac07_16.jpg.jpg,7
3b45f83ba3fa_02.jpg.jpg,1
3b45f83ba3fa_05.jpg.jpg,3
3bca821c8c41_01.jpg.jpg,1
3bca821c8c41_10.jpg.jpg,5
3c16409ab9db_01.jpg.jpg,1
3c16409ab9db_05.jpg.jpg,3
3c16409ab9db_07.jpg.jpg,3
3c16409ab9db_10.jpg.jpg,5
3c16409ab9db_11.jpg.jpg,5
3c16409ab9db_12.jpg.jpg,5
3c16409ab9db_13.jpg.jpg,7
3c16409ab9db_14.jpg.jpg,7
3c16409ab9db_16.jpg.jpg,7
3c54e71fd2c9_04.jpg.jpg,1
3c54e71fd2c9_14.jpg.jpg,7
3c6acfceb552_06.jpg.jpg,3
3c6acfceb552_09.jpg.jpg,5
3c6acfceb552_10.jpg.jpg,5
3cb21125f126_01.jpg.jpg,1
3cb21125f126_06.jpg.jpg,3
3cb21125f126_10.jpg.jpg,5
3cb21125f126_13.jpg.jpg,7
3cb21125f126_14.jpg.jpg,7
3d7a1030deeb_02.jpg.jpg,1
3d7a1030deeb_03.jpg.jpg,1
3d7a1030deeb_04.jpg.jpg,1
3d7a1030deeb_08.jpg.jpg,3
3d7a1030deeb_09.jpg.jpg,5
3d7a1030deeb_11.jpg.jpg,5
3d7a1030deeb_12.jpg.jpg,5
3d7a1030deeb_15.jpg.jpg,7
3f202616a2b9_07.jpg.jpg,3
3f202616a2b9_12.jpg.jpg,5
3f202616a2b9_13.jpg.jpg,7
3f202616a2b9_15.jpg.jpg,7
3f202616a2b9_16.jpg.jpg,7
3f3e362dea23_01.jpg.jpg,1
3f3e362dea23_03.jpg.jpg,1
3f3e362dea23_06.jpg.jpg,3
3f3e362dea23_09.jpg.jpg,5
3f3e362dea23_13.jpg.jpg,7
3f8d611822bc_06.jpg.jpg,3
40851e617b93_05.jpg.jpg,3
40851e617b93_10.jpg.jpg,5
40851e617b93_12.jpg.jpg,5
40851e617b93_15.jpg.jpg,7
40851e617b93_16.jpg.jpg,7
419687d50dcd_03.jpg.jpg,1
419687d50dcd_05.jpg.jpg,3
419687d50dcd_07.jpg.jpg,3
419687d50dcd_14.jpg.jpg,7
419687d50dcd_16.jpg.jpg,7
42415ff65013_02.jpg.jpg,1
42415ff65013_03.jpg.jpg,1
42415ff65013_04.jpg.jpg,1
42415ff65013_07.jpg.jpg,3
42415ff65013_15.jpg.jpg,7
424658d9f222_07.jpg.jpg,3
424658d9f222_08.jpg.jpg,3
424658d9f222_10.jpg.jpg,5
424658d9f222_13.jpg.jpg,7
42a3297ccd4b_06.jpg.jpg,3
42a3297ccd4b_09.jpg.jpg,5
42a3297ccd4b_10.jpg.jpg,5
42a3297ccd4b_13.jpg.jpg,7
42a3297ccd4b_15.jpg.jpg,7
42a3297ccd4b_16.jpg.jpg,7
42b3feca1993_01.jpg.jpg,1
42b3feca1993_03.jpg.jpg,1
42b3feca1993_05.jpg.jpg,3
42b3feca1993_12.jpg.jpg,5
42b3feca1993_13.jpg.jpg,7
42b3feca1993_14.jpg.jpg,7
42d81612e2ce_01.jpg.jpg,1
42d81612e2ce_03.jpg.jpg,1
42d81612e2ce_10.jpg.jpg,5
42d81612e2ce_13.jpg.jpg,7
42d81612e2ce_15.jpg.jpg,7
430f0cb5666c_03.jpg.jpg,1
430f0cb5666c_04.jpg.jpg,1
430f0cb5666c_05.jpg.jpg,3
430f0cb5666c_07.jpg.jpg,3
430f0cb5666c_11.jpg.jpg,5
47ea8f25c948_01.jpg.jpg,1
47ea8f25c948_03.jpg.jpg,1
47ea8f25c948_04.jpg.jpg,1
47ea8f25c948_05.jpg.jpg,3
47ea8f25c948_12.jpg.jpg,5
4856fcb85be0_05.jpg.jpg,3
4856fcb85be0_08.jpg.jpg,3
4856fcb85be0_09.jpg.jpg,5
4856fcb85be0_11.jpg.jpg,5
4856fcb85be0_12.jpg.jpg,5
4856fcb85be0_15.jpg.jpg,7
4856fcb85be0_16.jpg.jpg,7
48b3f0c936b5_01.jpg.jpg,1
48b3f0c936b5_06.jpg.jpg,3
48b3f0c936b5_07.jpg.jpg,3
48b3f0c936b5_08.jpg.jpg,3
48b3f0c936b5_11.jpg.jpg,5
48b3f0c936b5_14.jpg.jpg,7
4a4364d7fc6d_02.jpg.jpg,1
4a4364d7fc6d_04.jpg.jpg,1
4a4364d7fc6d_07.jpg.jpg,3
4a4364d7fc6d_09.jpg.jpg,5
4a4364d7fc6d_14.jpg.jpg,7
4b74275babf7_05.jpg.jpg,3
4b74275babf7_10.jpg.jpg,5
4b74275babf7_11.jpg.jpg,5
4b74275babf7_13.jpg.jpg,7
4baf50a3d8c2_02.jpg.jpg,1
4baf50a3d8c2_09.jpg.jpg,5
4baf50a3d8c2_10.jpg.jpg,5
4baf50a3d8c2_14.jpg.jpg,7
4bea0766c14c_01.jpg.jpg,1
4bea0766c14c_03.jpg.jpg,1
4bea0766c14c_07.jpg.jpg,3
4bea0766c14c_11.jpg.jpg,5
4bea0766c14c_12.jpg.jpg,5
4bea0766c14c_14.jpg.jpg,7
4bea0766c14c_15.jpg.jpg,7
4dc8a7fe7c02_01.jpg.jpg,1
4dc8a7fe7c02_06.jpg.jpg,3
4dc8a7fe7c02_12.jpg.jpg,5
4dc8a7fe7c02_13.jpg.jpg,7
4dc8a7fe7c02_14.jpg.jpg,7
4dc8a7fe7c02_16.jpg.jpg,7
4df1536de792_01.jpg.jpg,1
4df1536de792_10.jpg.jpg,5
4df1536de792_13.jpg.jpg,7
4e308ad8a254_02.jpg.jpg,1
4e308ad8a254_03.jpg.jpg,1
4e308ad8a254_04.jpg.jpg,1
4e308ad8a254_06.jpg.jpg,3
4e308ad8a254_07.jpg.jpg,3
4e308ad8a254_10.jpg.jpg,5
4e308ad8a254_14.jpg.jpg,7
4e308ad8a254_16.jpg.jpg,7
4e5ac4b9f074_04.jpg.jpg,1
4e5ac4b9f074_07.jpg.jpg,3
4e5ac4b9f074_14.jpg.jpg,7
4e7bc95552ed_03.jpg.jpg,1
4e7bc95552ed_10.jpg.jpg,5
4e7bc95552ed_11.jpg.jpg,5
4e7bc95552ed_15.jpg.jpg,7
4f0397cf7937_03.jpg.jpg,1
4f0397cf7937_04.jpg.jpg,1
4f0397cf7937_10.jpg.jpg,5
4f0397cf7937_12.jpg.jpg,5
4f0397cf7937_13.jpg.jpg,7
4f1f065d78ac_02.jpg.jpg,1
4f1f065d78ac_03.jpg.jpg,1
4f1f065d78ac_05.jpg.jpg,3
4f1f065d78ac_09.jpg.jpg,5
4f1f065d78ac_10.jpg.jpg,5
4f1f065d78ac_14.jpg.jpg,7
4f1f065d78ac_15.jpg.jpg,7
4f1f065d78ac_16.jpg.jpg,7
4fc2470c0f7b_10.jpg.jpg,5
4fc2470c0f7b_12.jpg.jpg,5
4fc2470c0f7b_15.jpg.jpg,7
51f1cdf5f539_02.jpg.jpg,1
51f1cdf5f539_03.jpg.jpg,1
51f1cdf5f539_04.jpg.jpg,1
51f1cdf5f539_08.jpg.jpg,3
51f1cdf5f539_14.jpg.jpg,7
51f1cdf5f539_15.jpg.jpg,7
528eb34a4c29_02.jpg.jpg,1
528eb34a4c29_04.jpg.jpg,1
528eb34a4c29_08.jpg.jpg,3
528eb34a4c29_09.jpg.jpg,5
528eb34a4c29_11.jpg.jpg,5
528eb34a4c29_12.jpg.jpg,5
54ee69d7d5e5_01.jpg.jpg,1
54ee69d7d5e5_04.jpg.jpg,1
54ee69d7d5e5_06.jpg.jpg,3
54ee69d7d5e5_07.jpg.jpg,3
54ee69d7d5e5_09.jpg.jpg,5
54ee69d7d5e5_15.jpg.jpg,7
54ee69d7d5e5_16.jpg.jpg,7
553c658b9efa_02.jpg.jpg,1
553c658b9efa_07.jpg.jpg,3
553c658b9efa_10.jpg.jpg,5
553c658b9efa_12.jpg.jpg,5
553c658b9efa_16.jpg.jpg,7
5588758ee21c_04.jpg.jpg,1
5588758ee21c_07.jpg.jpg,3
5588758ee21c_08.jpg.jpg,3
5588758ee21c_15.jpg.jpg,7
56023a17481b_02.jpg.jpg,1
56023a17481b_09.jpg.jpg,5
56023a17481b_14.jpg.jpg,7
56023a17481b_15.jpg.jpg,7
56023a17481b_16.jpg.jpg,7
562706000bd7_01.jpg.jpg,1
562706000bd7_03.jpg.jpg,1
562706000bd7_06.jpg.jpg,3
562706000bd7_09.jpg.jpg,5
562706000bd7_10.jpg.jpg,5
562706000bd7_13.jpg.jpg,7
562706000bd7_14.jpg.jpg,7
562706000bd7_15.jpg.jpg,7
5a194c1384f3_01.jpg.jpg,1
5a194c1384f3_04.jpg.jpg,1
5a194c1384f3_06.jpg.jpg,3
5a194c1384f3_07.jpg.jpg,3
5a194c1384f3_13.jpg.jpg,7
5a194c1384f3_14.jpg.jpg,7
5ab34f0e3ea5_01.jpg.jpg,1
5ab34f0e3ea5_03.jpg.jpg,1
5ab34f0e3ea5_04.jpg.jpg,1
5ab34f0e3ea5_09.jpg.jpg,5
5ab34f0e3ea5_10.jpg.jpg,5
5ab34f0e3ea5_14.jpg.jpg,7
5bc30efeb7bf_10.jpg.jpg,5
5bc30efeb7bf_16.jpg.jpg,7
5bcde75955bb_03.jpg.jpg,1
5bcde75955bb_10.jpg.jpg,5
5bcde75955bb_13.jpg.jpg,7
5bcde75955bb_15.jpg.jpg,7
5bcde75955bb_16.jpg.jpg,7
5d95d80e10a9_01.jpg.jpg,1
5d95d80e10a9_05.jpg.jpg,3
5d95d80e10a9_08.jpg.jpg,3
5d95d80e10a9_09.jpg.jpg,5
5d95d80e10a9_15.jpg.jpg,7
5df60cf7cab2_01.jpg.jpg,1
5df60cf7cab2_04.jpg.jpg,1
5df60cf7cab2_09.jpg.jpg,5
5df60cf7cab2_10.jpg.jpg,5
5df60cf7cab2_13.jpg.jpg,7
5df60cf7cab2_14.jpg.jpg,7
5df60cf7cab2_16.jpg.jpg,7
5fb012d30fd9_07.jpg.jpg,3
5fb012d30fd9_09.jpg.jpg,5
5fb012d30fd9_14.jpg.jpg,7
5fb012d30fd9_16.jpg.jpg,7
61060ada97c9_07.jpg.jpg,3
61060ada97c9_08.jpg.jpg,3
61060ada97c9_09.jpg.jpg,5
61060ada97c9_12.jpg.jpg,5
61060ada97c9_14.jpg.jpg,7
61060ada97c9_16.jpg.jpg,7
6131a03dd028_02.jpg.jpg,1
6131a03dd028_08.jpg.jpg,3
6131a03dd028_12.jpg.jpg,5
630335e37f40_05.jpg.jpg,3
630335e37f40_06.jpg.jpg,3
630335e37f40_08.jpg.jpg,3
630335e37f40_09.jpg.jpg,5
6343156803f9_02.jpg.jpg,1
6343156803f9_09.jpg.jpg,5
6343156803f9_13.jpg.jpg,7
6343156803f9_14.jpg.jpg,7
6343156803f9_16.jpg.jpg,7
64f701f36437_01.jpg.jpg,1
64f701f36437_02.jpg.jpg,1
64f701f36437_07.jpg.jpg,3
64f701f36437_08.jpg.jpg,3
64f701f36437_13.jpg.jpg,7
65051cfe0789_02.jpg.jpg,1
65051cfe0789_07.jpg.jpg,3
65051cfe0789_08.jpg.jpg,3
65051cfe0789_12.jpg.jpg,5
65051cfe0789_16.jpg.jpg,7
66fea07e1152_01.jpg.jpg,1
66fea07e1152_04.jpg.jpg,1
66fea07e1152_07.jpg.jpg,3
66fea07e1152_13.jpg.jpg,7
66fea07e1152_15.jpg.jpg,7
6752de44b721_01.jpg.jpg,1
6752de44b721_05.jpg.jpg,3
6752de44b721_09.jpg.jpg,5
6752de44b721_10.jpg.jpg,5
6752de44b721_12.jpg.jpg,5
683ddec95b82_01.jpg.jpg,1
683ddec95b82_07.jpg.jpg,3
683ddec95b82_11.jpg.jpg,5
683ddec95b82_12.jpg.jpg,5
683ddec95b82_13.jpg.jpg,7
683ddec95b82_15.jpg.jpg,7
68fcee2be01f_03.jpg.jpg,1
68fcee2be01f_05.jpg.jpg,3
68fcee2be01f_07.jpg.jpg,3
68fcee2be01f_10.jpg.jpg,5
68fcee2be01f_13.jpg.jpg,7
68fcee2be01f_16.jpg.jpg,7
695f39dfac16_06.jpg.jpg,3
695f39dfac16_07.jpg.jpg,3
695f39dfac16_09.jpg.jpg,5
695f39dfac16_10.jpg.jpg,5
695f39dfac16_11.jpg.jpg,5
695f39dfac16_12.jpg.jpg,5
69915dab0755_09.jpg.jpg,5
69915dab0755_10.jpg.jpg,5
69915dab0755_11.jpg.jpg,5
69915dab0755_16.jpg.jpg,7
69fba9e8f572_02.jpg.jpg,1
69fba9e8f572_13.jpg.jpg,7
6a951d3a3131_04.jpg.jpg,1
6a951d3a3131_06.jpg.jpg,3
6a951d3a3131_14.jpg.jpg,7
6a951d3a3131_15.jpg.jpg,7
6ae670e86620_02.jpg.jpg,1
6ae670e86620_07.jpg.jpg,3
6ae670e86620_08.jpg.jpg,3
6ae670e86620_09.jpg.jpg,5
6ae670e86620_13.jpg.jpg,7
6ae670e86620_15.jpg.jpg,7
6ba36af67cb0_06.jpg.jpg,3
6ba36af67cb0_07.jpg.jpg,3
6ba36af67cb0_08.jpg.jpg,3
6ba36af67cb0_11.jpg.jpg,5
6ba36af67cb0_12.jpg.jpg,5
6ba36af67cb0_15.jpg.jpg,7
6bf969856536_06.jpg.jpg,3
6bf969856536_10.jpg.jpg,5
6bf969856536_14.jpg.jpg,7
6bfd601be25e_02.jpg.jpg,1
6bfd601be25e_10.jpg.jpg,5
6bff9e10288e_02.jpg.jpg,1
6bff9e10288e_04.jpg.jpg,1
6bff9e10288e_05.jpg.jpg,3
6bff9e10288e_09.jpg.jpg,5
6bff9e10288e_11.jpg.jpg,5
6bff9e10288e_12.jpg.jpg,5
6bff9e10288e_15.jpg.jpg,7
6c0cd487abcd_02.jpg.jpg,1
6c0cd487abcd_03.jpg.jpg,1
6c0cd487abcd_08.jpg.jpg,3
6c0cd487abcd_09.jpg.jpg,5
6c0cd487abcd_12.jpg.jpg,5
6c0cd487abcd_13.jpg.jpg,7
6c0cd487abcd_15.jpg.jpg,7
6c3470c34408_05.jpg.jpg,3
6c3470c34408_07.jpg.jpg,3
6c3470c34408_08.jpg.jpg,3
6c3470c34408_13.jpg.jpg,7
6c3470c34408_15.jpg.jpg,7
6cc98271f4dd_01.jpg.jpg,1
6cc98271f4dd_03.jpg.jpg,1
6cc98271f4dd_05.jpg.jpg,3
6cc98271f4dd_07.jpg.jpg,3
6cc98271f4dd_08.jpg.jpg,3
6cc98271f4dd_11.jpg.jpg,5
6cc98271f4dd_14.jpg.jpg,7
6cc98271f4dd_15.jpg.jpg,7
6d21aad248e4_01.jpg.jpg,1
6d21aad248e4_05.jpg.jpg,3
6d21aad248e4_09.jpg.jpg,5
6d21aad248e4_16.jpg.jpg,7
6d375bc2ece1_01.jpg.jpg,1
6d375bc2ece1_02.jpg.jpg,1
6d375bc2ece1_06.jpg.jpg,3
6d375bc2ece1_07.jpg.jpg,3
6d375bc2ece1_08.jpg.jpg,3
6d375bc2ece1_12.jpg.jpg,5
6d375bc2ece1_16.jpg.jpg,7
6d77433cc7ce_03.jpg.jpg,1
6d77433cc7ce_05.jpg.jpg,3
6d77433cc7ce_08.jpg.jpg,3
6d77433cc7ce_09.jpg.jpg,5
6d77433cc7ce_11.jpg.jpg,5
6d77433cc7ce_12.jpg.jpg,5
6d77433cc7ce_15.jpg.jpg,7
6dc8783eca68_05.jpg.jpg,3
6dc8783eca68_06.jpg.jpg,3
6dc8783eca68_08.jpg.jpg,3
6dc8783eca68_12.jpg.jpg,5
6dc8783eca68_14.jpg.jpg,7
6e016b8b3617_02.jpg.jpg,1
6e016b8b3617_03.jpg.jpg,1
6e016b8b3617_04.jpg.jpg,1
6e016b8b3617_08.jpg.jpg,3
6e016b8b3617_09.jpg.jpg,5
6e016b8b3617_11.jpg.jpg,5
6e016b8b3617_14.jpg.jpg,7
6e016b8b3617_16.jpg.jpg,7
6f6dced498c4_11.jpg.jpg,5
6f6dced498c4_13.jpg.jpg,7
6f6dced498c4_14.jpg.jpg,7
70b6a79565fe_01.jpg.jpg,1
70b6a79565fe_03.jpg.jpg,1
70b6a79565fe_05.jpg.jpg,3
70b6a79565fe_11.jpg.jpg,5
70b6a79565fe_14.jpg.jpg,7
717689f3e788_01.jpg.jpg,1
717689f3e788_02.jpg.jpg,1
717689f3e788_05.jpg.jpg,3
717689f3e788_06.jpg.jpg,3
717689f3e788_10.jpg.jpg,5
717689f3e788_11.jpg.jpg,5
7251c8797749_01.jpg.jpg,1
7251c8797749_02.jpg.jpg,1
7251c8797749_03.jpg.jpg,1
7251c8797749_06.jpg.jpg,3
7251c8797749_09.jpg.jpg,5
7251c8797749_11.jpg.jpg,5
768f299c36e1_02.jpg.jpg,1
768f299c36e1_04.jpg.jpg,1
768f299c36e1_09.jpg.jpg,5
768f299c36e1_13.jpg.jpg,7
768f299c36e1_16.jpg.jpg,7
781c5338fe02_01.jpg.jpg,1
781c5338fe02_03.jpg.jpg,1
781c5338fe02_05.jpg.jpg,3
781c5338fe02_14.jpg.jpg,7
781c5338fe02_15.jpg.jpg,7
784ca55262c2_01.jpg.jpg,1
784ca55262c2_02.jpg.jpg,1
784ca55262c2_05.jpg.jpg,3
784ca55262c2_07.jpg.jpg,3
784ca55262c2_08.jpg.jpg,3
784ca55262c2_09.jpg.jpg,5
784ca55262c2_12.jpg.jpg,5
78bfb9c780db_01.jpg.jpg,1
78bfb9c780db_02.jpg.jpg,1
78bfb9c780db_03.jpg.jpg,1
78f63d808555_07.jpg.jpg,3
78f63d808555_12.jpg.jpg,5
791c1a9775be_02.jpg.jpg,1
791c1a9775be_07.jpg.jpg,3
791c1a9775be_15.jpg.jpg,7
795d2ee07ce2_03.jpg.jpg,1
795d2ee07ce2_05.jpg.jpg,3
795d2ee07ce2_06.jpg.jpg,3
795d2ee07ce2_09.jpg.jpg,5
795d2ee07ce2_10.jpg.jpg,5
795d2ee07ce2_15.jpg.jpg,7
795d2ee07ce2_16.jpg.jpg,7
79a7691a90b1_05.jpg.jpg,3
79a7691a90b1_08.jpg.jpg,3
79a7691a90b1_15.jpg.jpg,7
7ab9747cf6d7_02.jpg.jpg,1
7ab9747cf6d7_04.jpg.jpg,1
7ab9747cf6d7_06.jpg.jpg,3
7ab9747cf6d7_09.jpg.jpg,5
7ab9747cf6d7_10.jpg.jpg,5
7ab9747cf6d7_12.jpg.jpg,5
7ab9747cf6d7_16.jpg.jpg,7
7abaa38c227f_06.jpg.jpg,3
7abaa38c227f_09.jpg.jpg,5
7abaa38c227f_11.jpg.jpg,5
7abaa38c227f_12.jpg.jpg,5
7ac210ba75a1_03.jpg.jpg,1
7ac210ba75a1_04.jpg.jpg,1
7ac210ba75a1_05.jpg.jpg,3
7ac210ba75a1_08.jpg.jpg,3
7ac210ba75a1_11.jpg.jpg,5
7ac210ba75a1_16.jpg.jpg,7
7bd1142155ae_02.jpg.jpg,1
7bd1142155ae_07.jpg.jpg,3
7bd1142155ae_12.jpg.jpg,5
7bd1142155ae_13.jpg.jpg,7
7fbc761387f3_02.jpg.jpg,1
7fbc761387f3_03.jpg.jpg,1
7fbc761387f3_04.jpg.jpg,1
7fbc761387f3_05.jpg.jpg,3
7fbc761387f3_08.jpg.jpg,3
7fbc761387f3_11.jpg.jpg,5
7fbc761387f3_12.jpg.jpg,5
7fbc761387f3_13.jpg.jpg,7
7fbc761387f3_15.jpg.jpg,7
82f72273d23e_07.jpg.jpg,3
82f72273d23e_08.jpg.jpg,3
82f72273d23e_11.jpg.jpg,5
82f72273d23e_12.jpg.jpg,5
82f72273d23e_13.jpg.jpg,7
843763f47895_03.jpg.jpg,1
843763f47895_04.jpg.jpg,1
843763f47895_07.jpg.jpg,3
843763f47895_09.jpg.jpg,5
843763f47895_12.jpg.jpg,5
843763f47895_14.jpg.jpg,7
858841907a4a_02.jpg.jpg,1
858841907a4a_03.jpg.jpg,1
858841907a4a_13.jpg.jpg,7
85bc655a7523_03.jpg.jpg,1
85bc655a7523_04.jpg.jpg,1
85bc655a7523_07.jpg.jpg,3
85bc655a7523_11.jpg.jpg,5
85bc655a7523_12.jpg.jpg,5
85cba1a00135_02.jpg.jpg,1
85cba1a00135_06.jpg.jpg,3
85cba1a00135_07.jpg.jpg,3
85cba1a00135_08.jpg.jpg,3
85cba1a00135_13.jpg.jpg,7
85cba1a00135_14.jpg.jpg,7
85cba1a00135_16.jpg.jpg,7
8603668953a6_02.jpg.jpg,1
8603668953a6_03.jpg.jpg,1
8603668953a6_05.jpg.jpg,3
8603668953a6_07.jpg.jpg,3
8603668953a6_09.jpg.jpg,5
8603668953a6_12.jpg.jpg,5
8603668953a6_13.jpg.jpg,7
86c10c8c6206_04.jpg.jpg,1
86c10c8c6206_06.jpg.jpg,3
86c10c8c6206_10.jpg.jpg,5
86c10c8c6206_13.jpg.jpg,7
86c10c8c6206_14.jpg.jpg,7
86c10c8c6206_15.jpg.jpg,7
86c10c8c6206_16.jpg.jpg,7
878738468f6b_02.jpg.jpg,1
878738468f6b_03.jpg.jpg,1
878738468f6b_04.jpg.jpg,1
878738468f6b_06.jpg.jpg,3
878738468f6b_08.jpg.jpg,3
878738468f6b_09.jpg.jpg,5
878738468f6b_14.jpg.jpg,7
87e334269396_01.jpg.jpg,1
87e334269396_02.jpg.jpg,1
87e334269396_03.jpg.jpg,1
87e334269396_04.jpg.jpg,1
87e334269396_05.jpg.jpg,3
87e334269396_06.jpg.jpg,3
87e334269396_10.jpg.jpg,5
87e334269396_14.jpg.jpg,7
880ab8468df2_03.jpg.jpg,1
880ab8468df2_06.jpg.jpg,3
880ab8468df2_08.jpg.jpg,3
880ab8468df2_10.jpg.jpg,5
880ab8468df2_13.jpg.jpg,7
880ab8468df2_14.jpg.jpg,7
880ab8468df2_15.jpg.jpg,7
880ab8468df2_16.jpg.jpg,7
880fec285c06_10.jpg.jpg,5
880fec285c06_13.jpg.jpg,7
880fec285c06_14.jpg.jpg,7
880fec285c06_15.jpg.jpg,7
880fec285c06_16.jpg.jpg,7
888e04d96663_01.jpg.jpg,1
888e04d96663_07.jpg.jpg,3
888e04d96663_08.jpg.jpg,3
888e04d96663_10.jpg.jpg,5
888e04d96663_12.jpg.jpg,5
88bc32b9e1d9_09.jpg.jpg,5
88bc32b9e1d9_11.jpg.jpg,5
88bc32b9e1d9_16.jpg.jpg,7
898339fab87a_02.jpg.jpg,1
898339fab87a_05.jpg.jpg,3
898339fab87a_14.jpg.jpg,7
8b4b87ad7be6_06.jpg.jpg,3
8b4b87ad7be6_07.jpg.jpg,3
8b4b87ad7be6_14.jpg.jpg,7
8b88fb784951_02.jpg.jpg,1
8b88fb784951_03.jpg.jpg,1
8b88fb784951_04.jpg.jpg,1
8b88fb784951_08.jpg.jpg,3
8b88fb784951_10.jpg.jpg,5
8b88fb784951_11.jpg.jpg,5
8b88fb784951_12.jpg.jpg,5
8b88fb784951_15.jpg.jpg,7
8d1a6723c458_02.jpg.jpg,1
8d1a6723c458_03.jpg.jpg,1
8d1a6723c458_06.jpg.jpg,3
8d1a6723c458_11.jpg.jpg,5
8d1a6723c458_12.jpg.jpg,5
8d1a6723c458_14.jpg.jpg,7
8d1a6723c458_16.jpg.jpg,7
8d5423cb763c_01.jpg.jpg,1
8d5423cb763c_04.jpg.jpg,1
8d5423cb763c_05.jpg.jpg,3
8d5423cb763c_07.jpg.jpg,3
8d5423cb763c_08.jpg.jpg,3
8d5423cb763c_10.jpg.jpg,5
8d5423cb763c_11.jpg.jpg,5
8d5423cb763c_13.jpg.jpg,7
8d5423cb763c_14.jpg.jpg,7
8d78483ce302_01.jpg.jpg,1
8d78483ce302_02.jpg.jpg,1
8d78483ce302_03.jpg.jpg,1
8d78483ce302_04.jpg.jpg,1
8d78483ce302_06.jpg.jpg,3
8d78483ce302_12.jpg.jpg,5
8d78483ce302_15.jpg.jpg,7
8d78483ce302_16.jpg.jpg,7
90b65c521a8b_02.jpg.jpg,1
90b65c521a8b_09.jpg.jpg,5
90b65c521a8b_14.jpg.jpg,7
90b65c521a8b_15.jpg.jpg,7
90fdd8932877_04.jpg.jpg,1
90fdd8932877_06.jpg.jpg,3
90fdd8932877_10.jpg.jpg,5
90fdd8932877_11.jpg.jpg,5
90fdd8932877_12.jpg.jpg,5
90fdd8932877_14.jpg.jpg,7
90fdd8932877_15.jpg.jpg,7
90fdd8932877_16.jpg.jpg,7
917f262f1608_05.jpg.jpg,3
917f262f1608_07.jpg.jpg,3
917f262f1608_08.jpg.jpg,3
917f262f1608_10.jpg.jpg,5
917f262f1608_11.jpg.jpg,5
917f262f1608_12.jpg.jpg,5
917f262f1608_14.jpg.jpg,7
9274d0b3caa8_01.jpg.jpg,1
9274d0b3caa8_03.jpg.jpg,1
9274d0b3caa8_09.jpg.jpg,5
9274d0b3caa8_10.jpg.jpg,5
9274d0b3caa8_13.jpg.jpg,7
9274d0b3caa8_15.jpg.jpg,7
93881caf9f70_01.jpg.jpg,1
93881caf9f70_05.jpg.jpg,3
93881caf9f70_09.jpg.jpg,5
93881caf9f70_11.jpg.jpg,5
93881caf9f70_12.jpg.jpg,5
93881caf9f70_13.jpg.jpg,7
93881caf9f70_14.jpg.jpg,7
93881caf9f70_16.jpg.jpg,7
98ee0624de87_02.jpg.jpg,1
98ee0624de87_04.jpg.jpg,1
98ee0624de87_06.jpg.jpg,3
98ee0624de87_09.jpg.jpg,5
98ee0624de87_11.jpg.jpg,5
99639c826ea5_02.jpg.jpg,1
99639c826ea5_05.jpg.jpg,3
99639c826ea5_07.jpg.jpg,3
99639c826ea5_09.jpg.jpg,5
9a2bfb24ba6e_01.jpg.jpg,1
9a2bfb24ba6e_09.jpg.jpg,5
9a2bfb24ba6e_14.jpg.jpg,7
9a2bfb24ba6e_16.jpg.jpg,7
9ab2a45de8c7_03.jpg.jpg,1
9ab2a45de8c7_11.jpg.jpg,5
9ab2a45de8c7_15.jpg.jpg,7
9c2e82c23803_10.jpg.jpg,5
9c2e82c23803_11.jpg.jpg,5
9c2e82c23803_12.jpg.jpg,5
9c2e82c23803_14.jpg.jpg,7
9cc257b449d0_02.jpg.jpg,1
9cc257b449d0_06.jpg.jpg,3
9cc257b449d0_07.jpg.jpg,3
9cc257b449d0_08.jpg.jpg,3
9cc257b449d0_09.jpg.jpg,5
9cc257b449d0_10.jpg.jpg,5
9cc257b449d0_11.jpg.jpg,5
9cc257b449d0_12.jpg.jpg,5
9d8c465a0881_02.jpg.jpg,1
9d8c465a0881_11.jpg.jpg,5
9d8c465a0881_12.jpg.jpg,5
9d8c465a0881_14.jpg.jpg,7
9d8c465a0881_15.jpg.jpg,7
9d8c465a0881_16.jpg.jpg,7
9dfaeb835626_06.jpg.jpg,3
9dfaeb835626_07.jpg.jpg,3
9dfaeb835626_08.jpg.jpg,3
a070dbb32d2b_04.jpg.jpg,1
a070dbb32d2b_09.jpg.jpg,5
a070dbb32d2b_10.jpg.jpg,5
a070dbb32d2b_13.jpg.jpg,7
a070dbb32d2b_14.jpg.jpg,7
a078586ccdee_01.jpg.jpg,1
a078586ccdee_06.jpg.jpg,3
a078586ccdee_09.jpg.jpg,5
a078586ccdee_12.jpg.jpg,5
a078586ccdee_13.jpg.jpg,7
a078586ccdee_16.jpg.jpg,7
a1038b207299_01.jpg.jpg,1
a1038b207299_03.jpg.jpg,1
a1038b207299_04.jpg.jpg,1
a1038b207299_05.jpg.jpg,3
a1038b207299_07.jpg.jpg,3
a1038b207299_08.jpg.jpg,3
a1038b207299_09.jpg.jpg,5
a1038b207299_10.jpg.jpg,5
a1038b207299_11.jpg.jpg,5
a1038b207299_12.jpg.jpg,5
a1038b207299_14.jpg.jpg,7
a1038b207299_15.jpg.jpg,7
a1038b207299_16.jpg.jpg,7
a2df64508b97_02.jpg.jpg,1
a2df64508b97_08.jpg.jpg,3
a3e2e104d58a_03.jpg.jpg,1
a3e2e104d58a_08.jpg.jpg,3
a3e2e104d58a_10.jpg.jpg,5
a3e2e104d58a_11.jpg.jpg,5
a4551c5409e3_02.jpg.jpg,1
a4551c5409e3_06.jpg.jpg,3
a4551c5409e3_07.jpg.jpg,3
a4551c5409e3_11.jpg.jpg,5
a46baa0b3ac0_01.jpg.jpg,1
a46baa0b3ac0_03.jpg.jpg,1
a46baa0b3ac0_04.jpg.jpg,1
a46baa0b3ac0_05.jpg.jpg,3
a46baa0b3ac0_10.jpg.jpg,5
a46baa0b3ac0_12.jpg.jpg,5
a46baa0b3ac0_16.jpg.jpg,7
a56f923399ca_01.jpg.jpg,1
a56f923399ca_03.jpg.jpg,1
a56f923399ca_05.jpg.jpg,3
a56f923399ca_06.jpg.jpg,3
a56f923399ca_10.jpg.jpg,5
a56f923399ca_15.jpg.jpg,7
a5fea424990e_04.jpg.jpg,1
a7b9e343cf6b_02.jpg.jpg,1
a7b9e343cf6b_03.jpg.jpg,1
a7b9e343cf6b_04.jpg.jpg,1
a7b9e343cf6b_08.jpg.jpg,3
a7b9e343cf6b_10.jpg.jpg,5
a7b9e343cf6b_11.jpg.jpg,5
a7b9e343cf6b_12.jpg.jpg,5
a7b9e343cf6b_15.jpg.jpg,7
a7c1ef8d9cc9_11.jpg.jpg,5
a7c1ef8d9cc9_12.jpg.jpg,5
a7c1ef8d9cc9_13.jpg.jpg,7
a7c1ef8d9cc9_15.jpg.jpg,7
a7c1ef8d9cc9_16.jpg.jpg,7
acb0fd30b83d_01.jpg.jpg,1
acb0fd30b83d_04.jpg.jpg,1
acb0fd30b83d_05.jpg.jpg,3
acb0fd30b83d_16.jpg.jpg,7
ad5a6a058944_03.jpg.jpg,1
ad5a6a058944_05.jpg.jpg,3
ad5a6a058944_10.jpg.jpg,5
ad5a6a058944_14.jpg.jpg,7
ae296a20fdd9_04.jpg.jpg,1
ae296a20fdd9_06.jpg.jpg,3
ae296a20fdd9_08.jpg.jpg,3
ae296a20fdd9_09.jpg.jpg,5
ae296a20fdd9_10.jpg.jpg,5
ae296a20fdd9_14.jpg.jpg,7
b1a27da4f01c_02.jpg.jpg,1
b1a27da4f01c_07.jpg.jpg,3
b1a27da4f01c_09.jpg.jpg,5
b1a27da4f01c_10.jpg.jpg,5
b1a27da4f01c_15.jpg.jpg,7
b24fd9084449_01.jpg.jpg,1
b24fd9084449_02.jpg.jpg,1
b24fd9084449_05.jpg.jpg,3
b24fd9084449_12.jpg.jpg,5
b24fd9084449_13.jpg.jpg,7
b24fd9084449_16.jpg.jpg,7
b38c4e132183_03.jpg.jpg,1
b38c4e132183_07.jpg.jpg,3
b38c4e132183_10.jpg.jpg,5
b38c4e132183_12.jpg.jpg,5
b44091aa62e4_03.jpg.jpg,1
b44091aa62e4_05.jpg.jpg,3
b44091aa62e4_06.jpg.jpg,3
b44091aa62e4_07.jpg.jpg,3
b44091aa62e4_16.jpg.jpg,7
b58cc561e560_01.jpg.jpg,1
b58cc561e560_02.jpg.jpg,1
b58cc561e560_05.jpg.jpg,3
b58cc561e560_07.jpg.jpg,3
b58cc561e560_10.jpg.jpg,5
b58cc561e560_13.jpg.jpg,7
b58cc561e560_14.jpg.jpg,7
b63a6f7952d4_02.jpg.jpg,1
b63a6f7952d4_03.jpg.jpg,1
b63a6f7952d4_10.jpg.jpg,5
b63a6f7952d4_13.jpg.jpg,7
b98c63cd6102_02.jpg.jpg,1
b98c63cd6102_04.jpg.jpg,1
b98c63cd6102_10.jpg.jpg,5
b98c63cd6102_13.jpg.jpg,7
b98c63cd6102_15.jpg.jpg,7
b98c63cd6102_16.jpg.jpg,7
ba7e7421003b_02.jpg.jpg,1
ba7e7421003b_04.jpg.jpg,1
ba7e7421003b_06.jpg.jpg,3
ba7e7421003b_07.jpg.jpg,3
ba7e7421003b_12.jpg.jpg,5
ba7e7421003b_13.jpg.jpg,7
ba7e7421003b_14.jpg.jpg,7
bad53871c7d9_06.jpg.jpg,3
bad53871c7d9_07.jpg.jpg,3
bad53871c7d9_09.jpg.jpg,5
bb2f95262773_02.jpg.jpg,1
bb2f95262773_08.jpg.jpg,3
bb2f95262773_09.jpg.jpg,5
bb2f95262773_12.jpg.jpg,5
bb7625a3f1d4_03.jpg.jpg,1
bb7625a3f1d4_08.jpg.jpg,3
bb7625a3f1d4_10.jpg.jpg,5
bb7625a3f1d4_15.jpg.jpg,7
bd8d5780ed04_01.jpg.jpg,1
bd8d5780ed04_02.jpg.jpg,1
bd8d5780ed04_04.jpg.jpg,1
bd8d5780ed04_05.jpg.jpg,3
bd8d5780ed04_07.jpg.jpg,3
bd8d5780ed04_09.jpg.jpg,5
bd8d5780ed04_12.jpg.jpg,5
be86e79f1225_01.jpg.jpg,1
be86e79f1225_02.jpg.jpg,1
be86e79f1225_07.jpg.jpg,3
be86e79f1225_08.jpg.jpg,3
be86e79f1225_10.jpg.jpg,5
be86e79f1225_13.jpg.jpg,7
bec93f7ddb19_02.jpg.jpg,1
bec93f7ddb19_04.jpg.jpg,1
bec93f7ddb19_06.jpg.jpg,3
bec93f7ddb19_08.jpg.jpg,3
bec93f7ddb19_13.jpg.jpg,7
bf92e198d9b6_01.jpg.jpg,1
bf92e198d9b6_02.jpg.jpg,1
bf92e198d9b6_03.jpg.jpg,1
bf92e198d9b6_04.jpg.jpg,1
bf92e198d9b6_09.jpg.jpg,5
bf92e198d9b6_10.jpg.jpg,5
bf92e198d9b6_14.jpg.jpg,7
bf92e198d9b6_15.jpg.jpg,7
bf9932f7aca8_05.jpg.jpg,3
bf9932f7aca8_11.jpg.jpg,5
bf9932f7aca8_15.jpg.jpg,7
bf9a32258ef4_04.jpg.jpg,1
bf9a32258ef4_06.jpg.jpg,3
bf9a32258ef4_09.jpg.jpg,5
bf9a32258ef4_10.jpg.jpg,5
bf9a32258ef4_11.jpg.jpg,5
bf9a32258ef4_15.jpg.jpg,7
bf9a32258ef4_16.jpg.jpg,7
c24b8293eceb_01.jpg.jpg,1
c24b8293eceb_05.jpg.jpg,3
c24b8293eceb_07.jpg.jpg,3
c24b8293eceb_08.jpg.jpg,3
c2fd64144e97_05.jpg.jpg,3
c2fd64144e97_07.jpg.jpg,3
c2fd64144e97_13.jpg.jpg,7
c353e364e931_01.jpg.jpg,1
c353e364e931_03.jpg.jpg,1
c353e364e931_05.jpg.jpg,3
c353e364e931_09.jpg.jpg,5
c353e364e931_10.jpg.jpg,5
c353e364e931_11.jpg.jpg,5
c353e364e931_12.jpg.jpg,5
c353e364e931_13.jpg.jpg,7
c3614abc7405_02.jpg.jpg,1
c3614abc7405_03.jpg.jpg,1
c3614abc7405_05.jpg.jpg,3
c3614abc7405_12.jpg.jpg,5
c3614abc7405_16.jpg.jpg,7
c3dafdb02e7f_01.jpg.jpg,1
c3dafdb02e7f_05.jpg.jpg,3
c3dafdb02e7f_08.jpg.jpg,3
c3dafdb02e7f_12.jpg.jpg,5
c3dafdb02e7f_14.jpg.jpg,7
c3dafdb02e7f_15.jpg.jpg,7
c4ac16c0dd59_02.jpg.jpg,1
c4ac16c0dd59_13.jpg.jpg,7
c4f1840b2a65_08.jpg.jpg,3
c502287be9f6_01.jpg.jpg,1
c502287be9f6_04.jpg.jpg,1
c502287be9f6_09.jpg.jpg,5
c502287be9f6_16.jpg.jpg,7
c52b272a5329_07.jpg.jpg,3
c52b272a5329_09.jpg.jpg,5
c52b272a5329_13.jpg.jpg,7
c53e374fdd72_08.jpg.jpg,3
c53e374fdd72_09.jpg.jpg,5
c53e374fdd72_12.jpg.jpg,5
c53e374fdd72_15.jpg.jpg,7
c6f50d44f141_01.jpg.jpg,1
c6f50d44f141_06.jpg.jpg,3
c6f50d44f141_10.jpg.jpg,5
c6f50d44f141_12.jpg.jpg,5
c7145a80089e_02.jpg.jpg,1
c7145a80089e_07.jpg.jpg,3
c7145a80089e_09.jpg.jpg,5
c7145a80089e_13.jpg.jpg,7
c7145a80089e_16.jpg.jpg,7
c7a94c46a3b2_03.jpg.jpg,1
c7a94c46a3b2_11.jpg.jpg,5
c7a94c46a3b2_12.jpg.jpg,5
c7a94c46a3b2_16.jpg.jpg,7
c87688f6960e_01.jpg.jpg,1
c87688f6960e_02.jpg.jpg,1
c87688f6960e_05.jpg.jpg,3
c87688f6960e_15.jpg.jpg,7
c87688f6960e_16.jpg.jpg,7
c8d52e0ba341_01.jpg.jpg,1
c8d52e0ba341_02.jpg.jpg,1
c8d52e0ba341_05.jpg.jpg,3
c8d52e0ba341_08.jpg.jpg,3
c8d52e0ba341_09.jpg.jpg,5
c8d52e0ba341_10.jpg.jpg,5
c9acf5847ef1_04.jpg.jpg,1
c9acf5847ef1_05.jpg.jpg,3
c9acf5847ef1_06.jpg.jpg,3
c9acf5847ef1_12.jpg.jpg,5
c9f382c7349e_01.jpg.jpg,1
c9f382c7349e_03.jpg.jpg,1
c9f382c7349e_08.jpg.jpg,3
c9f382c7349e_10.jpg.jpg,5
c9f382c7349e_13.jpg.jpg,7
cafee4122080_02.jpg.jpg,1
cafee4122080_03.jpg.jpg,1
cafee4122080_04.jpg.jpg,1
cafee4122080_09.jpg.jpg,5
cafee4122080_10.jpg.jpg,5
cafee4122080_11.jpg.jpg,5
cafee4122080_12.jpg.jpg,5
cd2e588ef1c5_04.jpg.jpg,1
cd2e588ef1c5_08.jpg.jpg,3
cd2e588ef1c5_10.jpg.jpg,5
cd2e588ef1c5_12.jpg.jpg,5
cd2e588ef1c5_13.jpg.jpg,7
cd2e588ef1c5_14.jpg.jpg,7
cd2e588ef1c5_15.jpg.jpg,7
ce74dfdf123b_05.jpg.jpg,3
ce74dfdf123b_06.jpg.jpg,3
ce74dfdf123b_07.jpg.jpg,3
ce74dfdf123b_08.jpg.jpg,3
ce74dfdf123b_09.jpg.jpg,5
ce74dfdf123b_10.jpg.jpg,5
ce74dfdf123b_11.jpg.jpg,5
ce74dfdf123b_12.jpg.jpg,5
ce74dfdf123b_15.jpg.jpg,7
cf5add31c130_03.jpg.jpg,1
cf5add31c130_04.jpg.jpg,1
cf5add31c130_08.jpg.jpg,3
cf5add31c130_10.jpg.jpg,5
cf5add31c130_13.jpg.jpg,7
cf5add31c130_15.jpg.jpg,7
cf5add31c130_16.jpg.jpg,7
cf65b1c5e147_03.jpg.jpg,1
cf65b1c5e147_10.jpg.jpg,5
cf65b1c5e147_12.jpg.jpg,5
cf89c3220bc4_06.jpg.jpg,3
cf89c3220bc4_07.jpg.jpg,3
cf89c3220bc4_10.jpg.jpg,5
cf89c3220bc4_11.jpg.jpg,5
cf89c3220bc4_12.jpg.jpg,5
cf89c3220bc4_14.jpg.jpg,7
cf89c3220bc4_15.jpg.jpg,7
cf89c3220bc4_16.jpg.jpg,7
d0392fd5feb6_02.jpg.jpg,1
d0392fd5feb6_06.jpg.jpg,3
d0392fd5feb6_07.jpg.jpg,3
d0392fd5feb6_08.jpg.jpg,3
d0392fd5feb6_11.jpg.jpg,5
d0392fd5feb6_14.jpg.jpg,7
d0392fd5feb6_15.jpg.jpg,7
d0dab700c896_02.jpg.jpg,1
d0dab700c896_03.jpg.jpg,1
d0dab700c896_05.jpg.jpg,3
d0dab700c896_06.jpg.jpg,3
d0dab700c896_10.jpg.jpg,5
d0dab700c896_12.jpg.jpg,5
d0dab700c896_13.jpg.jpg,7
d0dab700c896_16.jpg.jpg,7
d1a3af34e674_01.jpg.jpg,1
d1a3af34e674_03.jpg.jpg,1
d1a3af34e674_06.jpg.jpg,3
d1a3af34e674_14.jpg.jpg,7
d22e6a2ca6df_01.jpg.jpg,1
d22e6a2ca6df_03.jpg.jpg,1
d22e6a2ca6df_04.jpg.jpg,1
d22e6a2ca6df_06.jpg.jpg,3
d22e6a2ca6df_08.jpg.jpg,3
d22e6a2ca6df_09.jpg.jpg,5
d22e6a2ca6df_11.jpg.jpg,5
d22e6a2ca6df_12.jpg.jpg,5
d22e6a2ca6df_14.jpg.jpg,7
d22e6a2ca6df_16.jpg.jpg,7
d326cb5c3d12_03.jpg.jpg,1
d326cb5c3d12_14.jpg.jpg,7
d326cb5c3d12_16.jpg.jpg,7
d3d0d2662918_05.jpg.jpg,3
d3d0d2662918_06.jpg.jpg,3
d3d0d2662918_07.jpg.jpg,3
d3d0d2662918_09.jpg.jpg,5
d46244bc42ed_04.jpg.jpg,1
d46244bc42ed_07.jpg.jpg,3
d46244bc42ed_08.jpg.jpg,3
d46244bc42ed_10.jpg.jpg,5
d46244bc42ed_14.jpg.jpg,7
d46244bc42ed_16.jpg.jpg,7
d61b6bfeabb2_01.jpg.jpg,1
d61b6bfeabb2_03.jpg.jpg,1
d61b6bfeabb2_04.jpg.jpg,1
d61b6bfeabb2_05.jpg.jpg,3
d61b6bfeabb2_08.jpg.jpg,3
d61b6bfeabb2_11.jpg.jpg,5
d61b6bfeabb2_12.jpg.jpg,5
d61b6bfeabb2_13.jpg.jpg,7
d8216041ffa9_02.jpg.jpg,1
d8216041ffa9_04.jpg.jpg,1
d8216041ffa9_05.jpg.jpg,3
d8216041ffa9_06.jpg.jpg,3
d8216041ffa9_10.jpg.jpg,5
d8216041ffa9_14.jpg.jpg,7
d8216041ffa9_15.jpg.jpg,7
d8216041ffa9_16.jpg.jpg,7
d8e1c401ac3c_01.jpg.jpg,1
d8e1c401ac3c_03.jpg.jpg,1
d8e1c401ac3c_05.jpg.jpg,3
d8e1c401ac3c_06.jpg.jpg,3
d8e1c401ac3c_12.jpg.jpg,5
d8e1c401ac3c_16.jpg.jpg,7
d8f11603ef08_02.jpg.jpg,1
d8f11603ef08_04.jpg.jpg,1
d8f11603ef08_08.jpg.jpg,3
d8f11603ef08_09.jpg.jpg,5
d8f11603ef08_10.jpg.jpg,5
db09fec614d2_09.jpg.jpg,5
db09fec614d2_11.jpg.jpg,5
db09fec614d2_12.jpg.jpg,5
db09fec614d2_15.jpg.jpg,7
dc1c5c2b9e49_01.jpg.jpg,1
dc1c5c2b9e49_04.jpg.jpg,1
dc1c5c2b9e49_09.jpg.jpg,5
dc1c5c2b9e49_13.jpg.jpg,7
dc995bf5296a_01.jpg.jpg,1
dc995bf5296a_05.jpg.jpg,3
dc995bf5296a_10.jpg.jpg,5
dc995bf5296a_12.jpg.jpg,5
dd47eb7ac4ee_05.jpg.jpg,3
dd47eb7ac4ee_10.jpg.jpg,5
dd47eb7ac4ee_13.jpg.jpg,7
dd47eb7ac4ee_14.jpg.jpg,7
dd47eb7ac4ee_16.jpg.jpg,7
dd70a0a51e3b_01.jpg.jpg,1
dd70a0a51e3b_06.jpg.jpg,3
dd70a0a51e3b_08.jpg.jpg,3
dd70a0a51e3b_09.jpg.jpg,5
dd70a0a51e3b_10.jpg.jpg,5
dd70a0a51e3b_12.jpg.jpg,5
dd70a0a51e3b_13.jpg.jpg,7
dd70a0a51e3b_16.jpg.jpg,7
ddb513df9406_01.jpg.jpg,1
ddb513df9406_03.jpg.jpg,1
ddb513df9406_05.jpg.jpg,3
ddb513df9406_15.jpg.jpg,7
de3ca5ec1e59_01.jpg.jpg,1
de3ca5ec1e59_05.jpg.jpg,3
de3ca5ec1e59_06.jpg.jpg,3
de3ca5ec1e59_08.jpg.jpg,3
de3ca5ec1e59_10.jpg.jpg,5
de3ca5ec1e59_13.jpg.jpg,7
de3ca5ec1e59_14.jpg.jpg,7
de74550a306a_03.jpg.jpg,1
de74550a306a_07.jpg.jpg,3
de74550a306a_08.jpg.jpg,3
de74550a306a_10.jpg.jpg,5
de74550a306a_13.jpg.jpg,7
df642435a951_03.jpg.jpg,1
df642435a951_08.jpg.jpg,3
df642435a951_11.jpg.jpg,5
df642435a951_13.jpg.jpg,7
df642435a951_15.jpg.jpg,7
e05b96cc2b0d_04.jpg.jpg,1
e05b96cc2b0d_05.jpg.jpg,3
e05b96cc2b0d_07.jpg.jpg,3
e05b96cc2b0d_08.jpg.jpg,3
e05b96cc2b0d_12.jpg.jpg,5
e05b96cc2b0d_13.jpg.jpg,7
e114fcbb9723_01.jpg.jpg,1
e114fcbb9723_04.jpg.jpg,1
e114fcbb9723_05.jpg.jpg,3
e114fcbb9723_08.jpg.jpg,3
e1d2c25f3510_01.jpg.jpg,1
e1d2c25f3510_02.jpg.jpg,1
e1d2c25f3510_06.jpg.jpg,3
e1d2c25f3510_07.jpg.jpg,3
e1d2c25f3510_08.jpg.jpg,3
e1d2c25f3510_11.jpg.jpg,5
e1d2c25f3510_15.jpg.jpg,7
e2230d0ceb02_04.jpg.jpg,1
e2230d0ceb02_05.jpg.jpg,3
e2230d0ceb02_14.jpg.jpg,7
e597d76a0c33_05.jpg.jpg,3
e597d76a0c33_07.jpg.jpg,3
e597d76a0c33_08.jpg.jpg,3
e597d76a0c33_10.jpg.jpg,5
e597d76a0c33_14.jpg.jpg,7
e597d76a0c33_16.jpg.jpg,7
e5fc2c1c4a8b_03.jpg.jpg,1
e5fc2c1c4a8b_07.jpg.jpg,3
e5fc2c1c4a8b_08.jpg.jpg,3
e5fc2c1c4a8b_10.jpg.jpg,5
e5fc2c1c4a8b_11.jpg.jpg,5
e5fc2c1c4a8b_15.jpg.jpg,7
e5fc2c1c4a8b_16.jpg.jpg,7
e6892bf10d31_02.jpg.jpg,1
e6892bf10d31_04.jpg.jpg,1
e6892bf10d31_05.jpg.jpg,3
e6892bf10d31_07.jpg.jpg,3
e6892bf10d31_08.jpg.jpg,3
e6892bf10d31_11.jpg.jpg,5
e6892bf10d31_12.jpg.jpg,5
e6892bf10d31_13.jpg.jpg,7
e6892bf10d31_15.jpg.jpg,7
e8f607100c1f_03.jpg.jpg,1
e8f607100c1f_04.jpg.jpg,1
e8f607100c1f_06.jpg.jpg,3
e8f607100c1f_09.jpg.jpg,5
e8f607100c1f_10.jpg.jpg,5
e8f607100c1f_13.jpg.jpg,7
e8f607100c1f_14.jpg.jpg,7
eaf9eb0b2293_01.jpg.jpg,1
eaf9eb0b2293_12.jpg.jpg,5
eb07e3f63ad2_02.jpg.jpg,1
eb07e3f63ad2_04.jpg.jpg,1
eb07e3f63ad2_05.jpg.jpg,3
eb07e3f63ad2_06.jpg.jpg,3
eb07e3f63ad2_08.jpg.jpg,3
eb07e3f63ad2_11.jpg.jpg,5
eb91b1c659a0_01.jpg.jpg,1
eb91b1c659a0_05.jpg.jpg,3
eb91b1c659a0_06.jpg.jpg,3
eb91b1c659a0_07.jpg.jpg,3
eb91b1c659a0_09.jpg.jpg,5
eb91b1c659a0_11.jpg.jpg,5
ebfdf6ec7ede_01.jpg.jpg,1
ebfdf6ec7ede_03.jpg.jpg,1
ebfdf6ec7ede_09.jpg.jpg,5
ebfdf6ec7ede_10.jpg.jpg,5
ebfdf6ec7ede_12.jpg.jpg,5
ebfdf6ec7ede_14.jpg.jpg,7
ebfdf6ec7ede_16.jpg.jpg,7
ed13cbcdd5d8_02.jpg.jpg,1
ed13cbcdd5d8_04.jpg.jpg,1
ed13cbcdd5d8_06.jpg.jpg,3
ed13cbcdd5d8_08.jpg.jpg,3
ed13cbcdd5d8_09.jpg.jpg,5
ed13cbcdd5d8_10.jpg.jpg,5
ed13cbcdd5d8_11.jpg.jpg,5
ed13cbcdd5d8_15.jpg.jpg,7
ed8472086df8_01.jpg.jpg,1
ed8472086df8_03.jpg.jpg,1
ed8472086df8_06.jpg.jpg,3
ed8472086df8_07.jpg.jpg,3
ed8472086df8_09.jpg.jpg,5
ed8472086df8_11.jpg.jpg,5
ed8472086df8_12.jpg.jpg,5
ed8472086df8_13.jpg.jpg,7
ed8472086df8_14.jpg.jpg,7
ed8472086df8_16.jpg.jpg,7
eeb7eeca738e_02.jpg.jpg,1
eeb7eeca738e_06.jpg.jpg,3
eeb7eeca738e_07.jpg.jpg,3
eeb7eeca738e_10.jpg.jpg,5
eefc0d8c94f0_06.jpg.jpg,3
eefc0d8c94f0_09.jpg.jpg,5
eefc0d8c94f0_11.jpg.jpg,5
ef5567efd904_03.jpg.jpg,1
ef5567efd904_04.jpg.jpg,1
ef5567efd904_05.jpg.jpg,3
ef5567efd904_06.jpg.jpg,3
ef5567efd904_07.jpg.jpg,3
ef5567efd904_13.jpg.jpg,7
efaef69e148d_01.jpg.jpg,1
efaef69e148d_02.jpg.jpg,1
efaef69e148d_03.jpg.jpg,1
efaef69e148d_10.jpg.jpg,5
f00905abd3d7_01.jpg.jpg,1
f00905abd3d7_04.jpg.jpg,1
f00905abd3d7_07.jpg.jpg,3
f00905abd3d7_11.jpg.jpg,5
f00905abd3d7_12.jpg.jpg,5
f00905abd3d7_13.jpg.jpg,7
f00905abd3d7_16.jpg.jpg,7
f1eb080c7182_02.jpg.jpg,1
f1eb080c7182_04.jpg.jpg,1
f1eb080c7182_08.jpg.jpg,3
f1eb080c7182_11.jpg.jpg,5
f1eb080c7182_13.jpg.jpg,7
f1eb080c7182_14.jpg.jpg,7
f3b482e091c0_01.jpg.jpg,1
f3b482e091c0_02.jpg.jpg,1
f3b482e091c0_05.jpg.jpg,3
f3b482e091c0_07.jpg.jpg,3
f3b482e091c0_09.jpg.jpg,5
f3b482e091c0_10.jpg.jpg,5
f3b482e091c0_11.jpg.jpg,5
f3b482e091c0_15.jpg.jpg,7
f3eee6348205_02.jpg.jpg,1
f3eee6348205_03.jpg.jpg,1
f3eee6348205_05.jpg.jpg,3
f3eee6348205_10.jpg.jpg,5
f3eee6348205_12.jpg.jpg,5
f3eee6348205_14.jpg.jpg,7
f3eee6348205_15.jpg.jpg,7
f4cd1286d5f4_01.jpg.jpg,1
f4cd1286d5f4_02.jpg.jpg,1
f4cd1286d5f4_07.jpg.jpg,3
f4cd1286d5f4_10.jpg.jpg,5
f4cd1286d5f4_12.jpg.jpg,5
f591b4f2e006_05.jpg.jpg,3
f591b4f2e006_10.jpg.jpg,5
f70052627830_06.jpg.jpg,3
f70052627830_08.jpg.jpg,3
f70052627830_10.jpg.jpg,5
f70052627830_12.jpg.jpg,5
f70052627830_13.jpg.jpg,7
f707d6fbc0cd_03.jpg.jpg,1
f707d6fbc0cd_05.jpg.jpg,3
f707d6fbc0cd_08.jpg.jpg,3
f707d6fbc0cd_10.jpg.jpg,5
f707d6fbc0cd_11.jpg.jpg,5
f707d6fbc0cd_12.jpg.jpg,5
f707d6fbc0cd_14.jpg.jpg,7
f707d6fbc0cd_15.jpg.jpg,7
f7ad86e13ed7_04.jpg.jpg,1
f7ad86e13ed7_08.jpg.jpg,3
f7ad86e13ed7_09.jpg.jpg,5
f7ad86e13ed7_12.jpg.jpg,5
f7ad86e13ed7_13.jpg.jpg,7
f7ad86e13ed7_14.jpg.jpg,7
f7ad86e13ed7_16.jpg.jpg,7
f8b6f4c39204_01.jpg.jpg,1
f8b6f4c39204_06.jpg.jpg,3
f8b6f4c39204_10.jpg.jpg,5
f8b6f4c39204_11.jpg.jpg,5
f8b6f4c39204_12.jpg.jpg,5
f8b6f4c39204_13.jpg.jpg,7
f8b6f4c39204_14.jpg.jpg,7
f8b6f4c39204_16.jpg.jpg,7
f98dbe8a5ee2_01.jpg.jpg,1
f98dbe8a5ee2_02.jpg.jpg,1
f98dbe8a5ee2_06.jpg.jpg,3
f98dbe8a5ee2_14.jpg.jpg,7
fa006be8b6d9_03.jpg.jpg,1
fa006be8b6d9_04.jpg.jpg,1
fa006be8b6d9_10.jpg.jpg,5
fa006be8b6d9_12.jpg.jpg,5
fa006be8b6d9_16.jpg.jpg,7
fa613ac8eac5_01.jpg.jpg,1
fa613ac8eac5_05.jpg.jpg,3
fa613ac8eac5_06.jpg.jpg,3
fa613ac8eac5_12.jpg.jpg,5
fa613ac8eac5_13.jpg.jpg,7
fb1b923dd978_05.jpg.jpg,3
fb1b923dd978_06.jpg.jpg,3
fb1b923dd978_07.jpg.jpg,3
fb1b923dd978_08.jpg.jpg,3
fb1b923dd978_10.jpg.jpg,5
fb1b923dd978_11.jpg.jpg,5
fb1b923dd978_15.jpg.jpg,7
fc237174b128_02.jpg.jpg,1
fc237174b128_06.jpg.jpg,3
fc237174b128_07.jpg.jpg,3
fc237174b128_10.jpg.jpg,5
fc237174b128_12.jpg.jpg,5
fc5f1a3a66cf_01.jpg.jpg,1
fc5f1a3a66cf_03.jpg.jpg,1
fc5f1a3a66cf_07.jpg.jpg,3
fc5f1a3a66cf_09.jpg.jpg,5
fc5f1a3a66cf_10.jpg.jpg,5
fc5f1a3a66cf_11.jpg.jpg,5
fc5f1a3a66cf_13.jpg.jpg,7
fc5f1a3a66cf_16.jpg.jpg,7
fce0ba5b8ed7_06.jpg.jpg,3
fce0ba5b8ed7_07.jpg.jpg,3
fce0ba5b8ed7_10.jpg.jpg,5
fce0ba5b8ed7_12.jpg.jpg,5
fce0ba5b8ed7_14.jpg.jpg,7
fd9da5d0bb6f_04.jpg.jpg,1
fd9da5d0bb6f_07.jpg.jpg,3
fd9da5d0bb6f_08.jpg.jpg,3
fdc2c87853ce_02.jpg.jpg,1
fdc2c87853ce_04.jpg.jpg,1
fdc2c87853ce_06.jpg.jpg,3
fdc2c87853ce_10.jpg.jpg,5
fdc2c87853ce_16.jpg.jpg,7
feaf59172a01_01.jpg.jpg,1
feaf59172a01_04.jpg.jpg,1
feaf59172a01_06.jpg.jpg,3
feaf59172a01_07.jpg.jpg,3
feaf59172a01_09.jpg.jpg,5
feaf59172a01_10.jpg.jpg,5
feaf59172a01_11.jpg.jpg,5
feaf59172a01_12.jpg.jpg,5
fecea3036c59_01.jpg.jpg,1
fecea3036c59_11.jpg.jpg,5
fecea3036c59_14.jpg.jpg,7
fff9b3a5373f_03.jpg.jpg,1
fff9b3a5373f_06.jpg.jpg,3
fff9b3a5373f_08.jpg.jpg,3
fff9b3a5373f_11.jpg.jpg,5
fff9b3a5373f_12.jpg.jpg,5
fff9b3a5373f_14.jpg.jpg,7
fff9b3a5373f_15.jpg.jpg,7
