00087a6bd4dc_02.jpg.jpg,1
00087a6bd4dc_10.jpg.jpg,5
00087a6bd4dc_11.jpg.jpg,5
00087a6bd4dc_12.jpg.jpg,5
00087a6bd4dc_16.jpg.jpg,7
02159e548029_02.jpg.jpg,1
02159e548029_04.jpg.jpg,1
02159e548029_08.jpg.jpg,3
02159e548029_11.jpg.jpg,5
02159e548029_13.jpg.jpg,7
02159e548029_16.jpg.jpg,7
03a857ce842d_04.jpg.jpg,1
03a857ce842d_05.jpg.jpg,3
03a857ce842d_06.jpg.jpg,3
03a857ce842d_07.jpg.jpg,3
03a857ce842d_09.jpg.jpg,5
03a857ce842d_13.jpg.jpg,7
03a857ce842d_14.jpg.jpg,7
03a857ce842d_16.jpg.jpg,7
0495dcf27283_02.jpg.jpg,1
0495dcf27283_03.jpg.jpg,1
0495dcf27283_06.jpg.jpg,3
0495dcf27283_07.jpg.jpg,3
0495dcf27283_09.jpg.jpg,5
0495dcf27283_10.jpg.jpg,5
0495dcf27283_11.jpg.jpg,5
0495dcf27283_12.jpg.jpg,5
0495dcf27283_15.jpg.jpg,7
04bd942b463b_03.jpg.jpg,1
04bd942b463b_12.jpg.jpg,5
04bd942b463b_13.jpg.jpg,7
04bd942b463b_14.jpg.jpg,7
04bd942b463b_16.jpg.jpg,7
0789bed99cb8_03.jpg.jpg,1
0789bed99cb8_09.jpg.jpg,5
0789bed99cb8_11.jpg.jpg,5
0789bed99cb8_12.jpg.jpg,5
0789bed99cb8_14.jpg.jpg,7
0789bed99cb8_15.jpg.jpg,7
0795e132d090_01.jpg.jpg,1
0795e132d090_02.jpg.jpg,1
0795e132d090_04.jpg.jpg,1
0795e132d090_05.jpg.jpg,3
0795e132d090_07.jpg.jpg,3
0795e132d090_12.jpg.jpg,5
0795e132d090_14.jpg.jpg,7
08a646be6b30_01.jpg.jpg,1
08a646be6b30_06.jpg.jpg,3
08a646be6b30_07.jpg.jpg,3
08a646be6b30_12.jpg.jpg,5
08a646be6b30_13.jpg.jpg,7
08a646be6b30_15.jpg.jpg,7
0cdf5b5d0ce1_02.jpg.jpg,1
0cdf5b5d0ce1_06.jpg.jpg,3
0cdf5b5d0ce1_14.jpg.jpg,7
0ce66b539f52_05.jpg.jpg,3
0ce66b539f52_06.jpg.jpg,3
0ce66b539f52_08.jpg.jpg,3
0ce66b539f52_10.jpg.jpg,5
0ce66b539f52_13.jpg.jpg,7
0ce66b539f52_15.jpg.jpg,7
0d1a9caf4350_03.jpg.jpg,1
0d1a9caf4350_05.jpg.jpg,3
0d1a9caf4350_07.jpg.jpg,3
0d1a9caf4350_12.jpg.jpg,5
0d1a9caf4350_16.jpg.jpg,7
0d3adbbc9a8b_02.jpg.jpg,1
0d3adbbc9a8b_04.jpg.jpg,1
0d3adbbc9a8b_06.jpg.jpg,3
0d3adbbc9a8b_08.jpg.jpg,3
0d3adbbc9a8b_09.jpg.jpg,5
0d3adbbc9a8b_10.jpg.jpg,5
0d3adbbc9a8b_11.jpg.jpg,5
0d3adbbc9a8b_13.jpg.jpg,7
0d53224da2b7_04.jpg.jpg,1
0d53224da2b7_05.jpg.jpg,3
0d53224da2b7_07.jpg.jpg,3
0d53224da2b7_08.jpg.jpg,3
0d53224da2b7_11.jpg.jpg,5
0d53224da2b7_12.jpg.jpg,5
0d53224da2b7_15.jpg.jpg,7
0d53224da2b7_16.jpg.jpg,7
0de66245f268_01.jpg.jpg,1
0de66245f268_07.jpg.jpg,3
0de66245f268_15.jpg.jpg,7
0ed6904e1004_07.jpg.jpg,3
0ed6904e1004_08.jpg.jpg,3
0ed6904e1004_11.jpg.jpg,5
0ee135a3cccc_05.jpg.jpg,3
0ee135a3cccc_08.jpg.jpg,3
0ee135a3cccc_10.jpg.jpg,5
0ee135a3cccc_11.jpg.jpg,5
0ee135a3cccc_15.jpg.jpg,7
0eeaf1ff136d_04.jpg.jpg,1
0eeaf1ff136d_11.jpg.jpg,5
0eeaf1ff136d_12.jpg.jpg,5
0eeaf1ff136d_14.jpg.jpg,7
0eeaf1ff136d_15.jpg.jpg,7
11acc40dc0ea_02.jpg.jpg,1
11acc40dc0ea_03.jpg.jpg,1
11acc40dc0ea_05.jpg.jpg,3
11acc40dc0ea_06.jpg.jpg,3
11acc40dc0ea_08.jpg.jpg,3
11acc40dc0ea_14.jpg.jpg,7
11f3dc041cfb_01.jpg.jpg,1
11f3dc041cfb_12.jpg.jpg,5
11fcda0a9e1c_02.jpg.jpg,1
11fcda0a9e1c_11.jpg.jpg,5
120c1dc7b116_01.jpg.jpg,1
120c1dc7b116_02.jpg.jpg,1
120c1dc7b116_04.jpg.jpg,1
120c1dc7b116_05.jpg.jpg,3
120c1dc7b116_06.jpg.jpg,3
120c1dc7b116_10.jpg.jpg,5
120c1dc7b116_11.jpg.jpg,5
120c1dc7b116_13.jpg.jpg,7
120c1dc7b116_16.jpg.jpg,7
1258cf954183_01.jpg.jpg,1
1258cf954183_02.jpg.jpg,1
1258cf954183_06.jpg.jpg,3
1258cf954183_09.jpg.jpg,5
1258cf954183_13.jpg.jpg,7
125cadcb9feb_06.jpg.jpg,3
125cadcb9feb_10.jpg.jpg,5
125cadcb9feb_11.jpg.jpg,5
125cadcb9feb_12.jpg.jpg,5
125cadcb9feb_13.jpg.jpg,7
1390696b70b6_03.jpg.jpg,1
1390696b70b6_06.jpg.jpg,3
1390696b70b6_08.jpg.jpg,3
1390696b70b6_09.jpg.jpg,5
1390696b70b6_10.jpg.jpg,5
1390696b70b6_14.jpg.jpg,7
13cad6eeabe8_02.jpg.jpg,1
13cad6eeabe8_06.jpg.jpg,3
13cad6eeabe8_08.jpg.jpg,3
13cad6eeabe8_09.jpg.jpg,5
13cad6eeabe8_10.jpg.jpg,5
13cad6eeabe8_11.jpg.jpg,5
13cad6eeabe8_12.jpg.jpg,5
13cad6eeabe8_13.jpg.jpg,7
13cad6eeabe8_16.jpg.jpg,7
151c7f2d4183_01.jpg.jpg,1
151c7f2d4183_09.jpg.jpg,5
151c7f2d4183_11.jpg.jpg,5
151c7f2d4183_15.jpg.jpg,7
151c7f2d4183_16.jpg.jpg,7
154ee2b6d27a_05.jpg.jpg,3
154ee2b6d27a_10.jpg.jpg,5
154ee2b6d27a_12.jpg.jpg,5
154ee2b6d27a_15.jpg.jpg,7
154ee2b6d27a_16.jpg.jpg,7
169f5f6d8c9d_11.jpg.jpg,5
169f5f6d8c9d_12.jpg.jpg,5
169f5f6d8c9d_14.jpg.jpg,7
169f5f6d8c9d_16.jpg.jpg,7
16f0ec26d608_07.jpg.jpg,3
16f0ec26d608_09.jpg.jpg,5
16f0ec26d608_13.jpg.jpg,7
16f0ec26d608_14.jpg.jpg,7
16f0ec26d608_16.jpg.jpg,7
189a2a32a615_04.jpg.jpg,1
189a2a32a615_05.jpg.jpg,3
189a2a32a615_07.jpg.jpg,3
189a2a32a615_08.jpg.jpg,3
189a2a32a615_09.jpg.jpg,5
189a2a32a615_10.jpg.jpg,5
189a2a32a615_12.jpg.jpg,5
189a2a32a615_13.jpg.jpg,7
189a2a32a615_14.jpg.jpg,7
1952e5f91de0_05.jpg.jpg,3
1952e5f91de0_07.jpg.jpg,3
1952e5f91de0_08.jpg.jpg,3
1952e5f91de0_12.jpg.jpg,5
1952e5f91de0_14.jpg.jpg,7
1a17a1bd648b_01.jpg.jpg,1
1a17a1bd648b_03.jpg.jpg,1
1a17a1bd648b_06.jpg.jpg,3
1a17a1bd648b_07.jpg.jpg,3
1a17a1bd648b_08.jpg.jpg,3
1a17a1bd648b_12.jpg.jpg,5
1aba91a601c6_06.jpg.jpg,3
1aba91a601c6_07.jpg.jpg,3
1aba91a601c6_09.jpg.jpg,5
1aba91a601c6_10.jpg.jpg,5
1aba91a601c6_12.jpg.jpg,5
1adaeb44f109_01.jpg.jpg,1
1adaeb44f109_04.jpg.jpg,1
1adaeb44f109_07.jpg.jpg,3
1adaeb44f109_13.jpg.jpg,7
1adaeb44f109_15.jpg.jpg,7
1ae8a68a40e4_02.jpg.jpg,1
1ae8a68a40e4_08.jpg.jpg,3
1ae8a68a40e4_09.jpg.jpg,5
1ae8a68a40e4_14.jpg.jpg,7
1ae8a68a40e4_15.jpg.jpg,7
1ae8a68a40e4_16.jpg.jpg,7
1b25ea8ba94d_01.jpg.jpg,1
1b25ea8ba94d_02.jpg.jpg,1
1b25ea8ba94d_09.jpg.jpg,5
1b25ea8ba94d_10.jpg.jpg,5
1b25ea8ba94d_11.jpg.jpg,5
1b25ea8ba94d_14.jpg.jpg,7
1b25ea8ba94d_15.jpg.jpg,7
1ba84b81628e_01.jpg.jpg,1
1ba84b81628e_03.jpg.jpg,1
1ba84b81628e_11.jpg.jpg,5
1ba84b81628e_15.jpg.jpg,7
1c5748340af8_01.jpg.jpg,1
1c5748340af8_02.jpg.jpg,1
1c5748340af8_04.jpg.jpg,1
1c5748340af8_10.jpg.jpg,5
1c5748340af8_11.jpg.jpg,5
1c5748340af8_16.jpg.jpg,7
1e6f48393e17_03.jpg.jpg,1
1e6f48393e17_04.jpg.jpg,1
1e6f48393e17_05.jpg.jpg,3
1e6f48393e17_06.jpg.jpg,3
1e6f48393e17_07.jpg.jpg,3
1e6f48393e17_08.jpg.jpg,3
1e6f48393e17_09.jpg.jpg,5
1e6f48393e17_11.jpg.jpg,5
1e6f48393e17_12.jpg.jpg,5
1e6f48393e17_15.jpg.jpg,7
1e89e1af42e7_01.jpg.jpg,1
1e89e1af42e7_04.jpg.jpg,1
1e89e1af42e7_05.jpg.jpg,3
1e89e1af42e7_07.jpg.jpg,3
1e89e1af42e7_15.jpg.jpg,7
1e89e1af42e7_16.jpg.jpg,7
21a7e6726ee3_09.jpg.jpg,5
21a7e6726ee3_10.jpg.jpg,5
21a7e6726ee3_11.jpg.jpg,5
21a7e6726ee3_15.jpg.jpg,7
2267f4aa0d2c_02.jpg.jpg,1
2267f4aa0d2c_06.jpg.jpg,3
2267f4aa0d2c_07.jpg.jpg,3
2267f4aa0d2c_12.jpg.jpg,5
2335eef27de6_03.jpg.jpg,1
2335eef27de6_04.jpg.jpg,1
2335eef27de6_05.jpg.jpg,3
2335eef27de6_06.jpg.jpg,3
2335eef27de6_08.jpg.jpg,3
2335eef27de6_10.jpg.jpg,5
2335eef27de6_15.jpg.jpg,7
23c088f6ec27_01.jpg.jpg,1
23c088f6ec27_04.jpg.jpg,1
23c088f6ec27_05.jpg.jpg,3
23c088f6ec27_06.jpg.jpg,3
23c088f6ec27_08.jpg.jpg,3
23c088f6ec27_09.jpg.jpg,5
23c088f6ec27_14.jpg.jpg,7
23c088f6ec27_15.jpg.jpg,7
245f9c9eab8a_13.jpg.jpg,7
245f9c9eab8a_15.jpg.jpg,7
26ccab021981_02.jpg.jpg,1
26ccab021981_09.jpg.jpg,5
26ccab021981_14.jpg.jpg,7
26ccab021981_16.jpg.jpg,7
28109f18d9d4_02.jpg.jpg,1
28109f18d9d4_03.jpg.jpg,1
28109f18d9d4_09.jpg.jpg,5
28109f18d9d4_10.jpg.jpg,5
28d7fb5ba432_05.jpg.jpg,3
28d7fb5ba432_08.jpg.jpg,3
28d7fb5ba432_13.jpg.jpg,7
28d7fb5ba432_16.jpg.jpg,7
28d9a149cb02_02.jpg.jpg,1
28d9a149cb02_03.jpg.jpg,1
28d9a149cb02_05.jpg.jpg,3
28d9a149cb02_08.jpg.jpg,3
28d9a149cb02_15.jpg.jpg,7
292f59c6a347_06.jpg.jpg,3
292f59c6a347_07.jpg.jpg,3
292f59c6a347_08.jpg.jpg,3
292f59c6a347_09.jpg.jpg,5
292f59c6a347_13.jpg.jpg,7
292f59c6a347_14.jpg.jpg,7
293a0fa72e5b_04.jpg.jpg,1
293a0fa72e5b_06.jpg.jpg,3
293a0fa72e5b_08.jpg.jpg,3
293a0fa72e5b_13.jpg.jpg,7
2990f858e939_01.jpg.jpg,1
2990f858e939_02.jpg.jpg,1
2990f858e939_08.jpg.jpg,3
2990f858e939_10.jpg.jpg,5
2990f858e939_11.jpg.jpg,5
2a4a8964ebf3_03.jpg.jpg,1
2a4a8964ebf3_07.jpg.jpg,3
2a4a8964ebf3_08.jpg.jpg,3
2a4a8964ebf3_12.jpg.jpg,5
2a4a8964ebf3_13.jpg.jpg,7
2af7c265531e_01.jpg.jpg,1
2af7c265531e_03.jpg.jpg,1
2af7c265531e_04.jpg.jpg,1
2af7c265531e_08.jpg.jpg,3
2af7c265531e_11.jpg.jpg,5
2af7c265531e_15.jpg.jpg,7
2c57132da7a0_02.jpg.jpg,1
2c57132da7a0_11.jpg.jpg,5
2c57132da7a0_12.jpg.jpg,5
2cb06c1f5bb1_04.jpg.jpg,1
2cb06c1f5bb1_07.jpg.jpg,3
2cb06c1f5bb1_12.jpg.jpg,5
2cb91c2543fa_04.jpg.jpg,1
2cb91c2543fa_06.jpg.jpg,3
2cb91c2543fa_08.jpg.jpg,3
2cb91c2543fa_09.jpg.jpg,5
2cb91c2543fa_13.jpg.jpg,7
2ea62c1beee7_02.jpg.jpg,1
2ea62c1beee7_03.jpg.jpg,1
2ea62c1beee7_04.jpg.jpg,1
2ea62c1beee7_07.jpg.jpg,3
2ea62c1beee7_12.jpg.jpg,5
2f39abb12388_02.jpg.jpg,1
2f39abb12388_03.jpg.jpg,1
2f39abb12388_04.jpg.jpg,1
2f39abb12388_09.jpg.jpg,5
2f39abb12388_11.jpg.jpg,5
2f39abb12388_13.jpg.jpg,7
2f39abb12388_14.jpg.jpg,7
2faf504842df_01.jpg.jpg,1
2faf504842df_02.jpg.jpg,1
2faf504842df_09.jpg.jpg,5
2faf504842df_10.jpg.jpg,5
2faf504842df_13.jpg.jpg,7
2faf504842df_14.jpg.jpg,7
2faf504842df_16.jpg.jpg,7
304437bad7ff_07.jpg.jpg,3
304437bad7ff_09.jpg.jpg,5
304437bad7ff_10.jpg.jpg,5
304437bad7ff_12.jpg.jpg,5
304437bad7ff_13.jpg.jpg,7
304437bad7ff_15.jpg.jpg,7
304437bad7ff_16.jpg.jpg,7
3071362591f7_01.jpg.jpg,1
3071362591f7_05.jpg.jpg,3
3071362591f7_07.jpg.jpg,3
3071362591f7_10.jpg.jpg,5
3071362591f7_14.jpg.jpg,7
31186febd775_02.jpg.jpg,1
31186febd775_03.jpg.jpg,1
31186febd775_06.jpg.jpg,3
31186febd775_07.jpg.jpg,3
31186febd775_08.jpg.jpg,3
31186febd775_10.jpg.jpg,5
31186febd775_11.jpg.jpg,5
31186febd775_15.jpg.jpg,7
31186febd775_16.jpg.jpg,7
316bbfd3d93d_01.jpg.jpg,1
316bbfd3d93d_03.jpg.jpg,1
316bbfd3d93d_12.jpg.jpg,5
316bbfd3d93d_13.jpg.jpg,7
316bbfd3d93d_14.jpg.jpg,7
32edfb7723ff_03.jpg.jpg,1
32edfb7723ff_04.jpg.jpg,1
32edfb7723ff_08.jpg.jpg,3
32edfb7723ff_11.jpg.jpg,5
32edfb7723ff_13.jpg.jpg,7
32edfb7723ff_14.jpg.jpg,7
32ff007d9505_10.jpg.jpg,5
32ff007d9505_11.jpg.jpg,5
32ff007d9505_16.jpg.jpg,7
33a310ea7462_01.jpg.jpg,1
33a310ea7462_04.jpg.jpg,1
33a310ea7462_07.jpg.jpg,3
33a310ea7462_10.jpg.jpg,5
33a310ea7462_11.jpg.jpg,5
344ece157efc_01.jpg.jpg,1
344ece157efc_02.jpg.jpg,1
344ece157efc_03.jpg.jpg,1
344ece157efc_06.jpg.jpg,3
344ece157efc_11.jpg.jpg,5
344ece157efc_15.jpg.jpg,7
34b0c08544a5_02.jpg.jpg,1
34b0c08544a5_03.jpg.jpg,1
34b0c08544a5_07.jpg.jpg,3
34b0c08544a5_15.jpg.jpg,7
34defeec3ce6_02.jpg.jpg,1
34defeec3ce6_03.jpg.jpg,1
34defeec3ce6_06.jpg.jpg,3
34defeec3ce6_13.jpg.jpg,7
34defeec3ce6_14.jpg.jpg,7
34defeec3ce6_15.jpg.jpg,7
351c583eabd6_01.jpg.jpg,1
351c583eabd6_02.jpg.jpg,1
351c583eabd6_04.jpg.jpg,1
351c583eabd6_06.jpg.jpg,3
351c583eabd6_08.jpg.jpg,3
351c583eabd6_11.jpg.jpg,5
351c583eabd6_12.jpg.jpg,5
351c583eabd6_13.jpg.jpg,7
351c583eabd6_14.jpg.jpg,7
364923a5002f_01.jpg.jpg,1
364923a5002f_03.jpg.jpg,1
364923a5002f_04.jpg.jpg,1
364923a5002f_10.jpg.jpg,5
364923a5002f_11.jpg.jpg,5
364923a5002f_13.jpg.jpg,7
364923a5002f_14.jpg.jpg,7
364923a5002f_15.jpg.jpg,7
364923a5002f_16.jpg.jpg,7
364fd5fd7569_05.jpg.jpg,3
364fd5fd7569_09.jpg.jpg,5
36a3f7f77e85_01.jpg.jpg,1
36a3f7f77e85_03.jpg.jpg,1
36a3f7f77e85_10.jpg.jpg,5
36a3f7f77e85_12.jpg.jpg,5
36a3f7f77e85_13.jpg.jpg,7
36a3f7f77e85_14.jpg.jpg,7
371f057d1242_01.jpg.jpg,1
371f057d1242_03.jpg.jpg,1
371f057d1242_06.jpg.jpg,3
371f057d1242_11.jpg.jpg,5
371f057d1242_12.jpg.jpg,5
371f057d1242_13.jpg.jpg,7
371f057d1242_14.jpg.jpg,7
3789e15178c7_02.jpg.jpg,1
3789e15178c7_04.jpg.jpg,1
3789e15178c7_06.jpg.jpg,3
3789e15178c7_14.jpg.jpg,7
3789e15178c7_15.jpg.jpg,7
3789e15178c7_16.jpg.jpg,7
3810c5e1cdeb_03.jpg.jpg,1
3810c5e1cdeb_09.jpg.jpg,5
3810c5e1cdeb_11.jpg.jpg,5
3810c5e1cdeb_14.jpg.jpg,7
3a7a8f03e713_03.jpg.jpg,1
3a7a8f03e713_04.jpg.jpg,1
3a7a8f03e713_05.jpg.jpg,3
3a7a8f03e713_08.jpg.jpg,3
3a7a8f03e713_11.jpg.jpg,5
3a7a8f03e713_12.jpg.jpg,5
3a7a8f03e713_14.jpg.jpg,7
3a7a8f03e713_16.jpg.jpg,7
3afec4b5ac07_01.jpg.jpg,1
3afec4b5ac07_02.jpg.jpg,1
3afec4b5ac07_06.jpg.jpg,3
3afec4b5ac07_08.jpg.jpg,3
3b45f83ba3fa_03.jpg.jpg,1
3b45f83ba3fa_06.jpg.jpg,3
3b45f83ba3fa_08.jpg.jpg,3
3b45f83ba3fa_09.jpg.jpg,5
3b45f83ba3fa_11.jpg.jpg,5
3b45f83ba3fa_14.jpg.jpg,7
3b45f83ba3fa_16.jpg.jpg,7
3bca821c8c41_02.jpg.jpg,1
3bca821c8c41_04.jpg.jpg,1
3bca821c8c41_05.jpg.jpg,3
3bca821c8c41_06.jpg.jpg,3
3bca821c8c41_07.jpg.jpg,3
3bca821c8c41_08.jpg.jpg,3
3bca821c8c41_09.jpg.jpg,5
3bca821c8c41_11.jpg.jpg,5
3bca821c8c41_14.jpg.jpg,7
3bca821c8c41_16.jpg.jpg,7
3c16409ab9db_02.jpg.jpg,1
3c16409ab9db_03.jpg.jpg,1
3c16409ab9db_04.jpg.jpg,1
3c16409ab9db_06.jpg.jpg,3
3c54e71fd2c9_01.jpg.jpg,1
3c54e71fd2c9_03.jpg.jpg,1
3c54e71fd2c9_09.jpg.jpg,5
3c54e71fd2c9_12.jpg.jpg,5
3c6acfceb552_01.jpg.jpg,1
3c6acfceb552_03.jpg.jpg,1
3c6acfceb552_08.jpg.jpg,3
3c6acfceb552_11.jpg.jpg,5
3c6acfceb552_13.jpg.jpg,7
3cb21125f126_02.jpg.jpg,1
3cb21125f126_07.jpg.jpg,3
3cb21125f126_12.jpg.jpg,5
3d7a1030deeb_06.jpg.jpg,3
3d7a1030deeb_13.jpg.jpg,7
3f202616a2b9_04.jpg.jpg,1
3f202616a2b9_05.jpg.jpg,3
3f202616a2b9_08.jpg.jpg,3
3f202616a2b9_09.jpg.jpg,5
3f202616a2b9_10.jpg.jpg,5
3f202616a2b9_14.jpg.jpg,7
3f3e362dea23_05.jpg.jpg,3
3f3e362dea23_12.jpg.jpg,5
3f3e362dea23_14.jpg.jpg,7
3f3e362dea23_16.jpg.jpg,7
3f8d611822bc_01.jpg.jpg,1
3f8d611822bc_04.jpg.jpg,1
3f8d611822bc_11.jpg.jpg,5
40851e617b93_02.jpg.jpg,1
40851e617b93_03.jpg.jpg,1
40851e617b93_04.jpg.jpg,1
40851e617b93_06.jpg.jpg,3
40851e617b93_07.jpg.jpg,3
40851e617b93_08.jpg.jpg,3
40851e617b93_13.jpg.jpg,7
40851e617b93_14.jpg.jpg,7
419687d50dcd_02.jpg.jpg,1
419687d50dcd_06.jpg.jpg,3
419687d50dcd_12.jpg.jpg,5
419687d50dcd_13.jpg.jpg,7
42415ff65013_05.jpg.jpg,3
42415ff65013_08.jpg.jpg,3
42415ff65013_10.jpg.jpg,5
42415ff65013_11.jpg.jpg,5
42415ff65013_12.jpg.jpg,5
424658d9f222_06.jpg.jpg,3
42a3297ccd4b_03.jpg.jpg,1
42a3297ccd4b_04.jpg.jpg,1
42a3297ccd4b_05.jpg.jpg,3
42a3297ccd4b_08.jpg.jpg,3
42a3297ccd4b_11.jpg.jpg,5
42a3297ccd4b_12.jpg.jpg,5
42a3297ccd4b_14.jpg.jpg,7
42b3feca1993_04.jpg.jpg,1
42b3feca1993_06.jpg.jpg,3
42b3feca1993_08.jpg.jpg,3
42b3feca1993_10.jpg.jpg,5
42b3feca1993_16.jpg.jpg,7
42d81612e2ce_14.jpg.jpg,7
42d81612e2ce_16.jpg.jpg,7
430f0cb5666c_06.jpg.jpg,3
430f0cb5666c_08.jpg.jpg,3
430f0cb5666c_09.jpg.jpg,5
430f0cb5666c_14.jpg.jpg,7
430f0cb5666c_16.jpg.jpg,7
47ea8f25c948_02.jpg.jpg,1
47ea8f25c948_10.jpg.jpg,5
47ea8f25c948_13.jpg.jpg,7
47ea8f25c948_15.jpg.jpg,7
47ea8f25c948_16.jpg.jpg,7
4856fcb85be0_04.jpg.jpg,1
4856fcb85be0_06.jpg.jpg,3
4856fcb85be0_10.jpg.jpg,5
4856fcb85be0_13.jpg.jpg,7
48b3f0c936b5_03.jpg.jpg,1
48b3f0c936b5_05.jpg.jpg,3
48b3f0c936b5_13.jpg.jpg,7
4a4364d7fc6d_03.jpg.jpg,1
4a4364d7fc6d_10.jpg.jpg,5
4a4364d7fc6d_11.jpg.jpg,5
4b74275babf7_01.jpg.jpg,1
4b74275babf7_07.jpg.jpg,3
4b74275babf7_08.jpg.jpg,3
4b74275babf7_12.jpg.jpg,5
4b74275babf7_15.jpg.jpg,7
4b74275babf7_16.jpg.jpg,7
4baf50a3d8c2_03.jpg.jpg,1
4baf50a3d8c2_04.jpg.jpg,1
4baf50a3d8c2_06.jpg.jpg,3
4baf50a3d8c2_08.jpg.jpg,3
4baf50a3d8c2_11.jpg.jpg,5
4bea0766c14c_05.jpg.jpg,3
4bea0766c14c_08.jpg.jpg,3
4bea0766c14c_09.jpg.jpg,5
4bea0766c14c_13.jpg.jpg,7
4dc8a7fe7c02_02.jpg.jpg,1
4dc8a7fe7c02_04.jpg.jpg,1
4dc8a7fe7c02_07.jpg.jpg,3
4df1536de792_02.jpg.jpg,1
4df1536de792_05.jpg.jpg,3
4df1536de792_06.jpg.jpg,3
4df1536de792_08.jpg.jpg,3
4df1536de792_09.jpg.jpg,5
4df1536de792_14.jpg.jpg,7
4df1536de792_15.jpg.jpg,7
4df1536de792_16.jpg.jpg,7
4e308ad8a254_01.jpg.jpg,1
4e308ad8a254_05.jpg.jpg,3
4e308ad8a254_08.jpg.jpg,3
4e308ad8a254_09.jpg.jpg,5
4e308ad8a254_11.jpg.jpg,5
4e308ad8a254_13.jpg.jpg,7
4e308ad8a254_15.jpg.jpg,7
4e5ac4b9f074_02.jpg.jpg,1
4e5ac4b9f074_03.jpg.jpg,1
4e5ac4b9f074_06.jpg.jpg,3
4e5ac4b9f074_11.jpg.jpg,5
4e5ac4b9f074_12.jpg.jpg,5
4e5ac4b9f074_13.jpg.jpg,7
4e5ac4b9f074_15.jpg.jpg,7
4e5ac4b9f074_16.jpg.jpg,7
4e7bc95552ed_07.jpg.jpg,3
4e7bc95552ed_08.jpg.jpg,3
4e7bc95552ed_09.jpg.jpg,5
4e7bc95552ed_12.jpg.jpg,5
4f0397cf7937_01.jpg.jpg,1
4f0397cf7937_02.jpg.jpg,1
4f0397cf7937_07.jpg.jpg,3
4f0397cf7937_08.jpg.jpg,3
4f0397cf7937_11.jpg.jpg,5
4f1f065d78ac_01.jpg.jpg,1
4f1f065d78ac_07.jpg.jpg,3
4f1f065d78ac_08.jpg.jpg,3
4f1f065d78ac_12.jpg.jpg,5
4fc2470c0f7b_01.jpg.jpg,1
4fc2470c0f7b_03.jpg.jpg,1
4fc2470c0f7b_07.jpg.jpg,3
4fc2470c0f7b_09.jpg.jpg,5
4fc2470c0f7b_11.jpg.jpg,5
4fc2470c0f7b_14.jpg.jpg,7
4fc2470c0f7b_16.jpg.jpg,7
51f1cdf5f539_01.jpg.jpg,1
51f1cdf5f539_06.jpg.jpg,3
51f1cdf5f539_07.jpg.jpg,3
51f1cdf5f539_11.jpg.jpg,5
51f1cdf5f539_16.jpg.jpg,7
528eb34a4c29_01.jpg.jpg,1
528eb34a4c29_03.jpg.jpg,1
528eb34a4c29_05.jpg.jpg,3
528eb34a4c29_06.jpg.jpg,3
528eb34a4c29_07.jpg.jpg,3
528eb34a4c29_16.jpg.jpg,7
54ee69d7d5e5_03.jpg.jpg,1
54ee69d7d5e5_05.jpg.jpg,3
54ee69d7d5e5_08.jpg.jpg,3
54ee69d7d5e5_12.jpg.jpg,5
54ee69d7d5e5_13.jpg.jpg,7
553c658b9efa_04.jpg.jpg,1
553c658b9efa_06.jpg.jpg,3
553c658b9efa_11.jpg.jpg,5
553c658b9efa_13.jpg.jpg,7
5588758ee21c_01.jpg.jpg,1
5588758ee21c_02.jpg.jpg,1
5588758ee21c_05.jpg.jpg,3
5588758ee21c_09.jpg.jpg,5
5588758ee21c_12.jpg.jpg,5
5588758ee21c_13.jpg.jpg,7
5588758ee21c_14.jpg.jpg,7
5588758ee21c_16.jpg.jpg,7
56023a17481b_01.jpg.jpg,1
56023a17481b_07.jpg.jpg,3
56023a17481b_08.jpg.jpg,3
56023a17481b_10.jpg.jpg,5
56023a17481b_11.jpg.jpg,5
56023a17481b_12.jpg.jpg,5
562706000bd7_02.jpg.jpg,1
562706000bd7_04.jpg.jpg,1
562706000bd7_07.jpg.jpg,3
562706000bd7_12.jpg.jpg,5
5a194c1384f3_02.jpg.jpg,1
5a194c1384f3_10.jpg.jpg,5
5a194c1384f3_15.jpg.jpg,7
5ab34f0e3ea5_13.jpg.jpg,7
5ab34f0e3ea5_16.jpg.jpg,7
5bc30efeb7bf_02.jpg.jpg,1
5bc30efeb7bf_03.jpg.jpg,1
5bc30efeb7bf_06.jpg.jpg,3
5bc30efeb7bf_07.jpg.jpg,3
5bc30efeb7bf_11.jpg.jpg,5
5bc30efeb7bf_12.jpg.jpg,5
5bc30efeb7bf_13.jpg.jpg,7
5bcde75955bb_02.jpg.jpg,1
5bcde75955bb_14.jpg.jpg,7
5d95d80e10a9_02.jpg.jpg,1
5d95d80e10a9_04.jpg.jpg,1
5d95d80e10a9_06.jpg.jpg,3
5d95d80e10a9_07.jpg.jpg,3
5d95d80e10a9_12.jpg.jpg,5
5df60cf7cab2_06.jpg.jpg,3
5df60cf7cab2_07.jpg.jpg,3
5df60cf7cab2_11.jpg.jpg,5
5df60cf7cab2_12.jpg.jpg,5
5fb012d30fd9_01.jpg.jpg,1
5fb012d30fd9_03.jpg.jpg,1
5fb012d30fd9_04.jpg.jpg,1
5fb012d30fd9_05.jpg.jpg,3
5fb012d30fd9_06.jpg.jpg,3
5fb012d30fd9_08.jpg.jpg,3
5fb012d30fd9_10.jpg.jpg,5
5fb012d30fd9_11.jpg.jpg,5
5fb012d30fd9_12.jpg.jpg,5
5fb012d30fd9_13.jpg.jpg,7
5fb012d30fd9_15.jpg.jpg,7
61060ada97c9_01.jpg.jpg,1
61060ada97c9_02.jpg.jpg,1
61060ada97c9_04.jpg.jpg,1
61060ada97c9_13.jpg.jpg,7
6131a03dd028_03.jpg.jpg,1
6131a03dd028_05.jpg.jpg,3
6131a03dd028_06.jpg.jpg,3
6131a03dd028_10.jpg.jpg,5
6131a03dd028_13.jpg.jpg,7
6131a03dd028_14.jpg.jpg,7
6131a03dd028_15.jpg.jpg,7
630335e37f40_11.jpg.jpg,5
630335e37f40_15.jpg.jpg,7
630335e37f40_16.jpg.jpg,7
6343156803f9_01.jpg.jpg,1
6343156803f9_05.jpg.jpg,3
6343156803f9_06.jpg.jpg,3
6343156803f9_08.jpg.jpg,3
64f701f36437_03.jpg.jpg,1
64f701f36437_04.jpg.jpg,1
64f701f36437_05.jpg.jpg,3
64f701f36437_06.jpg.jpg,3
64f701f36437_10.jpg.jpg,5
64f701f36437_11.jpg.jpg,5
64f701f36437_15.jpg.jpg,7
64f701f36437_16.jpg.jpg,7
65051cfe0789_01.jpg.jpg,1
65051cfe0789_04.jpg.jpg,1
65051cfe0789_06.jpg.jpg,3
65051cfe0789_09.jpg.jpg,5
65051cfe0789_11.jpg.jpg,5
65051cfe0789_15.jpg.jpg,7
66fea07e1152_05.jpg.jpg,3
66fea07e1152_09.jpg.jpg,5
66fea07e1152_10.jpg.jpg,5
66fea07e1152_12.jpg.jpg,5
66fea07e1152_16.jpg.jpg,7
6752de44b721_04.jpg.jpg,1
6752de44b721_06.jpg.jpg,3
6752de44b721_07.jpg.jpg,3
6752de44b721_08.jpg.jpg,3
6752de44b721_11.jpg.jpg,5
6752de44b721_13.jpg.jpg,7
6752de44b721_15.jpg.jpg,7
683ddec95b82_02.jpg.jpg,1
683ddec95b82_04.jpg.jpg,1
683ddec95b82_05.jpg.jpg,3
683ddec95b82_06.jpg.jpg,3
683ddec95b82_08.jpg.jpg,3
683ddec95b82_09.jpg.jpg,5
683ddec95b82_10.jpg.jpg,5
683ddec95b82_14.jpg.jpg,7
683ddec95b82_16.jpg.jpg,7
68fcee2be01f_01.jpg.jpg,1
68fcee2be01f_02.jpg.jpg,1
68fcee2be01f_06.jpg.jpg,3
68fcee2be01f_08.jpg.jpg,3
68fcee2be01f_12.jpg.jpg,5
695f39dfac16_03.jpg.jpg,1
695f39dfac16_05.jpg.jpg,3
695f39dfac16_08.jpg.jpg,3
695f39dfac16_15.jpg.jpg,7
69915dab0755_01.jpg.jpg,1
69915dab0755_03.jpg.jpg,1
69915dab0755_05.jpg.jpg,3
69915dab0755_08.jpg.jpg,3
69915dab0755_12.jpg.jpg,5
69915dab0755_13.jpg.jpg,7
69915dab0755_15.jpg.jpg,7
69fba9e8f572_04.jpg.jpg,1
69fba9e8f572_08.jpg.jpg,3
69fba9e8f572_09.jpg.jpg,5
69fba9e8f572_10.jpg.jpg,5
69fba9e8f572_12.jpg.jpg,5
69fba9e8f572_16.jpg.jpg,7
6a951d3a3131_01.jpg.jpg,1
6a951d3a3131_12.jpg.jpg,5
6a951d3a3131_16.jpg.jpg,7
6ae670e86620_01.jpg.jpg,1
6ae670e86620_03.jpg.jpg,1
6ae670e86620_06.jpg.jpg,3
6ae670e86620_10.jpg.jpg,5
6ae670e86620_12.jpg.jpg,5
6ae670e86620_14.jpg.jpg,7
6ba36af67cb0_04.jpg.jpg,1
6ba36af67cb0_09.jpg.jpg,5
6ba36af67cb0_10.jpg.jpg,5
6ba36af67cb0_14.jpg.jpg,7
6bf969856536_01.jpg.jpg,1
6bf969856536_02.jpg.jpg,1
6bf969856536_03.jpg.jpg,1
6bf969856536_04.jpg.jpg,1
6bf969856536_11.jpg.jpg,5
6bfd601be25e_01.jpg.jpg,1
6bfd601be25e_03.jpg.jpg,1
6bfd601be25e_04.jpg.jpg,1
6bfd601be25e_05.jpg.jpg,3
6bfd601be25e_06.jpg.jpg,3
6bfd601be25e_07.jpg.jpg,3
6bfd601be25e_08.jpg.jpg,3
6bfd601be25e_12.jpg.jpg,5
6bfd601be25e_13.jpg.jpg,7
6bfd601be25e_14.jpg.jpg,7
6bff9e10288e_01.jpg.jpg,1
6bff9e10288e_03.jpg.jpg,1
6bff9e10288e_06.jpg.jpg,3
6bff9e10288e_07.jpg.jpg,3
6bff9e10288e_14.jpg.jpg,7
6c0cd487abcd_01.jpg.jpg,1
6c0cd487abcd_06.jpg.jpg,3
6c0cd487abcd_10.jpg.jpg,5
6c0cd487abcd_11.jpg.jpg,5
6c0cd487abcd_14.jpg.jpg,7
6c0cd487abcd_16.jpg.jpg,7
6c3470c34408_01.jpg.jpg,1
6c3470c34408_10.jpg.jpg,5
6c3470c34408_11.jpg.jpg,5
6cc98271f4dd_02.jpg.jpg,1
6cc98271f4dd_04.jpg.jpg,1
6cc98271f4dd_06.jpg.jpg,3
6cc98271f4dd_10.jpg.jpg,5
6cc98271f4dd_12.jpg.jpg,5
6d21aad248e4_02.jpg.jpg,1
6d21aad248e4_11.jpg.jpg,5
6d21aad248e4_13.jpg.jpg,7
6d21aad248e4_14.jpg.jpg,7
6d21aad248e4_15.jpg.jpg,7
6d375bc2ece1_09.jpg.jpg,5
6d375bc2ece1_10.jpg.jpg,5
6d375bc2ece1_13.jpg.jpg,7
6d375bc2ece1_14.jpg.jpg,7
6d375bc2ece1_15.jpg.jpg,7
6d77433cc7ce_01.jpg.jpg,1
6d77433cc7ce_02.jpg.jpg,1
6d77433cc7ce_04.jpg.jpg,1
6d77433cc7ce_07.jpg.jpg,3
6d77433cc7ce_16.jpg.jpg,7
6dc8783eca68_01.jpg.jpg,1
6dc8783eca68_07.jpg.jpg,3
6dc8783eca68_09.jpg.jpg,5
6dc8783eca68_13.jpg.jpg,7
6dc8783eca68_16.jpg.jpg,7
6e016b8b3617_01.jpg.jpg,1
6e016b8b3617_07.jpg.jpg,3
6e016b8b3617_12.jpg.jpg,5
6e016b8b3617_15.jpg.jpg,7
6f6dced498c4_02.jpg.jpg,1
6f6dced498c4_04.jpg.jpg,1
6f6dced498c4_06.jpg.jpg,3
6f6dced498c4_07.jpg.jpg,3
6f6dced498c4_08.jpg.jpg,3
6f6dced498c4_09.jpg.jpg,5
6f6dced498c4_10.jpg.jpg,5
6f6dced498c4_16.jpg.jpg,7
70b6a79565fe_06.jpg.jpg,3
70b6a79565fe_08.jpg.jpg,3
70b6a79565fe_09.jpg.jpg,5
70b6a79565fe_10.jpg.jpg,5
70b6a79565fe_12.jpg.jpg,5
70b6a79565fe_15.jpg.jpg,7
70b6a79565fe_16.jpg.jpg,7
717689f3e788_04.jpg.jpg,1
717689f3e788_08.jpg.jpg,3
717689f3e788_13.jpg.jpg,7
717689f3e788_14.jpg.jpg,7
717689f3e788_15.jpg.jpg,7
7251c8797749_04.jpg.jpg,1
7251c8797749_05.jpg.jpg,3
7251c8797749_08.jpg.jpg,3
7251c8797749_10.jpg.jpg,5
7251c8797749_16.jpg.jpg,7
768f299c36e1_11.jpg.jpg,5
768f299c36e1_15.jpg.jpg,7
781c5338fe02_06.jpg.jpg,3
781c5338fe02_07.jpg.jpg,3
781c5338fe02_09.jpg.jpg,5
781c5338fe02_10.jpg.jpg,5
781c5338fe02_11.jpg.jpg,5
781c5338fe02_13.jpg.jpg,7
781c5338fe02_16.jpg.jpg,7
784ca55262c2_03.jpg.jpg,1
784ca55262c2_11.jpg.jpg,5
784ca55262c2_13.jpg.jpg,7
784ca55262c2_14.jpg.jpg,7
784ca55262c2_15.jpg.jpg,7
78bfb9c780db_04.jpg.jpg,1
78bfb9c780db_05.jpg.jpg,3
78bfb9c780db_09.jpg.jpg,5
78bfb9c780db_10.jpg.jpg,5
78bfb9c780db_13.jpg.jpg,7
78f63d808555_02.jpg.jpg,1
78f63d808555_04.jpg.jpg,1
78f63d808555_10.jpg.jpg,5
78f63d808555_13.jpg.jpg,7
791c1a9775be_01.jpg.jpg,1
791c1a9775be_03.jpg.jpg,1
791c1a9775be_04.jpg.jpg,1
791c1a9775be_05.jpg.jpg,3
791c1a9775be_09.jpg.jpg,5
791c1a9775be_10.jpg.jpg,5
791c1a9775be_11.jpg.jpg,5
791c1a9775be_16.jpg.jpg,7
795d2ee07ce2_01.jpg.jpg,1
795d2ee07ce2_07.jpg.jpg,3
795d2ee07ce2_08.jpg.jpg,3
795d2ee07ce2_11.jpg.jpg,5
795d2ee07ce2_14.jpg.jpg,7
79a7691a90b1_06.jpg.jpg,3
79a7691a90b1_07.jpg.jpg,3
79a7691a90b1_11.jpg.jpg,5
79a7691a90b1_12.jpg.jpg,5
7ab9747cf6d7_13.jpg.jpg,7
7ab9747cf6d7_14.jpg.jpg,7
7abaa38c227f_03.jpg.jpg,1
7abaa38c227f_08.jpg.jpg,3
7abaa38c227f_10.jpg.jpg,5
7abaa38c227f_15.jpg.jpg,7
7ac210ba75a1_01.jpg.jpg,1
7ac210ba75a1_02.jpg.jpg,1
7ac210ba75a1_06.jpg.jpg,3
7bd1142155ae_01.jpg.jpg,1
7bd1142155ae_03.jpg.jpg,1
7bd1142155ae_05.jpg.jpg,3
7bd1142155ae_06.jpg.jpg,3
7bd1142155ae_08.jpg.jpg,3
7bd1142155ae_09.jpg.jpg,5
7bd1142155ae_10.jpg.jpg,5
7bd1142155ae_11.jpg.jpg,5
7bd1142155ae_14.jpg.jpg,7
7fbc761387f3_01.jpg.jpg,1
7fbc761387f3_06.jpg.jpg,3
7fbc761387f3_07.jpg.jpg,3
7fbc761387f3_09.jpg.jpg,5
7fbc761387f3_10.jpg.jpg,5
7fbc761387f3_16.jpg.jpg,7
82f72273d23e_02.jpg.jpg,1
82f72273d23e_03.jpg.jpg,1
82f72273d23e_04.jpg.jpg,1
82f72273d23e_05.jpg.jpg,3
82f72273d23e_06.jpg.jpg,3
82f72273d23e_10.jpg.jpg,5
82f72273d23e_16.jpg.jpg,7
843763f47895_01.jpg.jpg,1
843763f47895_02.jpg.jpg,1
843763f47895_05.jpg.jpg,3
843763f47895_06.jpg.jpg,3
843763f47895_08.jpg.jpg,3
843763f47895_11.jpg.jpg,5
843763f47895_13.jpg.jpg,7
843763f47895_15.jpg.jpg,7
858841907a4a_04.jpg.jpg,1
858841907a4a_05.jpg.jpg,3
858841907a4a_07.jpg.jpg,3
858841907a4a_08.jpg.jpg,3
858841907a4a_09.jpg.jpg,5
858841907a4a_11.jpg.jpg,5
858841907a4a_14.jpg.jpg,7
858841907a4a_15.jpg.jpg,7
85bc655a7523_05.jpg.jpg,3
85bc655a7523_06.jpg.jpg,3
85bc655a7523_13.jpg.jpg,7
85bc655a7523_14.jpg.jpg,7
85bc655a7523_15.jpg.jpg,7
85bc655a7523_16.jpg.jpg,7
85cba1a00135_01.jpg.jpg,1
85cba1a00135_03.jpg.jpg,1
85cba1a00135_04.jpg.jpg,1
85cba1a00135_05.jpg.jpg,3
85cba1a00135_10.jpg.jpg,5
85cba1a00135_11.jpg.jpg,5
85cba1a00135_12.jpg.jpg,5
85cba1a00135_15.jpg.jpg,7
8603668953a6_01.jpg.jpg,1
8603668953a6_10.jpg.jpg,5
8603668953a6_15.jpg.jpg,7
8603668953a6_16.jpg.jpg,7
86c10c8c6206_01.jpg.jpg,1
86c10c8c6206_02.jpg.jpg,1
86c10c8c6206_03.jpg.jpg,1
86c10c8c6206_08.jpg.jpg,3
86c10c8c6206_09.jpg.jpg,5
86c10c8c6206_12.jpg.jpg,5
878738468f6b_05.jpg.jpg,3
878738468f6b_07.jpg.jpg,3
878738468f6b_10.jpg.jpg,5
878738468f6b_11.jpg.jpg,5
878738468f6b_12.jpg.jpg,5
878738468f6b_16.jpg.jpg,7
87e334269396_07.jpg.jpg,3
87e334269396_09.jpg.jpg,5
87e334269396_12.jpg.jpg,5
87e334269396_15.jpg.jpg,7
880ab8468df2_02.jpg.jpg,1
880ab8468df2_05.jpg.jpg,3
880ab8468df2_07.jpg.jpg,3
880ab8468df2_09.jpg.jpg,5
880fec285c06_02.jpg.jpg,1
880fec285c06_07.jpg.jpg,3
880fec285c06_11.jpg.jpg,5
880fec285c06_12.jpg.jpg,5
888e04d96663_04.jpg.jpg,1
888e04d96663_11.jpg.jpg,5
888e04d96663_13.jpg.jpg,7
888e04d96663_14.jpg.jpg,7
888e04d96663_15.jpg.jpg,7
88bc32b9e1d9_02.jpg.jpg,1
88bc32b9e1d9_03.jpg.jpg,1
88bc32b9e1d9_05.jpg.jpg,3
88bc32b9e1d9_07.jpg.jpg,3
88bc32b9e1d9_08.jpg.jpg,3
898339fab87a_01.jpg.jpg,1
898339fab87a_03.jpg.jpg,1
898339fab87a_07.jpg.jpg,3
898339fab87a_09.jpg.jpg,5
898339fab87a_10.jpg.jpg,5
898339fab87a_12.jpg.jpg,5
898339fab87a_13.jpg.jpg,7
898339fab87a_15.jpg.jpg,7
898339fab87a_16.jpg.jpg,7
8b4b87ad7be6_01.jpg.jpg,1
8b4b87ad7be6_02.jpg.jpg,1
8b4b87ad7be6_03.jpg.jpg,1
8b4b87ad7be6_08.jpg.jpg,3
8b4b87ad7be6_09.jpg.jpg,5
8b4b87ad7be6_10.jpg.jpg,5
8b4b87ad7be6_11.jpg.jpg,5
8b4b87ad7be6_13.jpg.jpg,7
8b88fb784951_14.jpg.jpg,7
8d1a6723c458_01.jpg.jpg,1
8d1a6723c458_04.jpg.jpg,1
8d1a6723c458_10.jpg.jpg,5
8d1a6723c458_13.jpg.jpg,7
8d5423cb763c_03.jpg.jpg,1
8d5423cb763c_06.jpg.jpg,3
8d78483ce302_13.jpg.jpg,7
8d78483ce302_14.jpg.jpg,7
90b65c521a8b_06.jpg.jpg,3
90b65c521a8b_08.jpg.jpg,3
90b65c521a8b_11.jpg.jpg,5
90b65c521a8b_13.jpg.jpg,7
90fdd8932877_01.jpg.jpg,1
90fdd8932877_05.jpg.jpg,3
90fdd8932877_07.jpg.jpg,3
90fdd8932877_08.jpg.jpg,3
90fdd8932877_09.jpg.jpg,5
90fdd8932877_13.jpg.jpg,7
917f262f1608_01.jpg.jpg,1
917f262f1608_04.jpg.jpg,1
917f262f1608_06.jpg.jpg,3
917f262f1608_09.jpg.jpg,5
917f262f1608_16.jpg.jpg,7
9274d0b3caa8_02.jpg.jpg,1
9274d0b3caa8_05.jpg.jpg,3
9274d0b3caa8_06.jpg.jpg,3
9274d0b3caa8_07.jpg.jpg,3
9274d0b3caa8_12.jpg.jpg,5
9274d0b3caa8_14.jpg.jpg,7
9274d0b3caa8_16.jpg.jpg,7
93881caf9f70_03.jpg.jpg,1
93881caf9f70_04.jpg.jpg,1
93881caf9f70_06.jpg.jpg,3
93881caf9f70_08.jpg.jpg,3
93881caf9f70_10.jpg.jpg,5
98ee0624de87_10.jpg.jpg,5
98ee0624de87_12.jpg.jpg,5
98ee0624de87_14.jpg.jpg,7
98ee0624de87_15.jpg.jpg,7
98ee0624de87_16.jpg.jpg,7
99639c826ea5_03.jpg.jpg,1
99639c826ea5_04.jpg.jpg,1
99639c826ea5_06.jpg.jpg,3
99639c826ea5_08.jpg.jpg,3
99639c826ea5_13.jpg.jpg,7
99639c826ea5_14.jpg.jpg,7
9a2bfb24ba6e_02.jpg.jpg,1
9a2bfb24ba6e_05.jpg.jpg,3
9a2bfb24ba6e_06.jpg.jpg,3
9a2bfb24ba6e_10.jpg.jpg,5
9a2bfb24ba6e_13.jpg.jpg,7
9ab2a45de8c7_04.jpg.jpg,1
9ab2a45de8c7_09.jpg.jpg,5
9ab2a45de8c7_10.jpg.jpg,5
9ab2a45de8c7_13.jpg.jpg,7
9ab2a45de8c7_16.jpg.jpg,7
9c2e82c23803_02.jpg.jpg,1
9c2e82c23803_04.jpg.jpg,1
9c2e82c23803_05.jpg.jpg,3
9c2e82c23803_07.jpg.jpg,3
9c2e82c23803_08.jpg.jpg,3
9c2e82c23803_09.jpg.jpg,5
9c2e82c23803_13.jpg.jpg,7
9c2e82c23803_15.jpg.jpg,7
9cc257b449d0_03.jpg.jpg,1
9cc257b449d0_04.jpg.jpg,1
9cc257b449d0_13.jpg.jpg,7
9cc257b449d0_14.jpg.jpg,7
9cc257b449d0_16.jpg.jpg,7
9d8c465a0881_03.jpg.jpg,1
9d8c465a0881_04.jpg.jpg,1
9d8c465a0881_05.jpg.jpg,3
9d8c465a0881_06.jpg.jpg,3
9d8c465a0881_07.jpg.jpg,3
9dfaeb835626_01.jpg.jpg,1
9dfaeb835626_02.jpg.jpg,1
9dfaeb835626_04.jpg.jpg,1
9dfaeb835626_05.jpg.jpg,3
9dfaeb835626_09.jpg.jpg,5
9dfaeb835626_14.jpg.jpg,7
a070dbb32d2b_03.jpg.jpg,1
a070dbb32d2b_06.jpg.jpg,3
a070dbb32d2b_07.jpg.jpg,3
a070dbb32d2b_12.jpg.jpg,5
a070dbb32d2b_15.jpg.jpg,7
a070dbb32d2b_16.jpg.jpg,7
a078586ccdee_02.jpg.jpg,1
a078586ccdee_03.jpg.jpg,1
a078586ccdee_04.jpg.jpg,1
a078586ccdee_05.jpg.jpg,3
a078586ccdee_08.jpg.jpg,3
a078586ccdee_15.jpg.jpg,7
a1038b207299_13.jpg.jpg,7
a2df64508b97_01.jpg.jpg,1
a2df64508b97_06.jpg.jpg,3
a2df64508b97_12.jpg.jpg,5
a2df64508b97_13.jpg.jpg,7
a2df64508b97_14.jpg.jpg,7
a2df64508b97_15.jpg.jpg,7
a2df64508b97_16.jpg.jpg,7
a3e2e104d58a_01.jpg.jpg,1
a3e2e104d58a_04.jpg.jpg,1
a3e2e104d58a_06.jpg.jpg,3
a3e2e104d58a_13.jpg.jpg,7
a3e2e104d58a_14.jpg.jpg,7
a3e2e104d58a_15.jpg.jpg,7
a4551c5409e3_01.jpg.jpg,1
a4551c5409e3_08.jpg.jpg,3
a4551c5409e3_09.jpg.jpg,5
a4551c5409e3_12.jpg.jpg,5
a4551c5409e3_16.jpg.jpg,7
a46baa0b3ac0_02.jpg.jpg,1
a46baa0b3ac0_07.jpg.jpg,3
a46baa0b3ac0_08.jpg.jpg,3
a46baa0b3ac0_14.jpg.jpg,7
a46baa0b3ac0_15.jpg.jpg,7
a56f923399ca_04.jpg.jpg,1
a56f923399ca_08.jpg.jpg,3
a56f923399ca_12.jpg.jpg,5
a56f923399ca_13.jpg.jpg,7
a56f923399ca_16.jpg.jpg,7
a5fea424990e_05.jpg.jpg,3
a5fea424990e_10.jpg.jpg,5
a5fea424990e_11.jpg.jpg,5
a5fea424990e_12.jpg.jpg,5
a5fea424990e_13.jpg.jpg,7
a5fea424990e_14.jpg.jpg,7
a7b9e343cf6b_06.jpg.jpg,3
a7b9e343cf6b_07.jpg.jpg,3
a7c1ef8d9cc9_02.jpg.jpg,1
a7c1ef8d9cc9_03.jpg.jpg,1
a7c1ef8d9cc9_04.jpg.jpg,1
a7c1ef8d9cc9_08.jpg.jpg,3
a7c1ef8d9cc9_10.jpg.jpg,5
a7c1ef8d9cc9_14.jpg.jpg,7
acb0fd30b83d_02.jpg.jpg,1
acb0fd30b83d_06.jpg.jpg,3
acb0fd30b83d_07.jpg.jpg,3
acb0fd30b83d_11.jpg.jpg,5
acb0fd30b83d_13.jpg.jpg,7
acb0fd30b83d_14.jpg.jpg,7
acb0fd30b83d_15.jpg.jpg,7
ad5a6a058944_04.jpg.jpg,1
ad5a6a058944_06.jpg.jpg,3
ad5a6a058944_07.jpg.jpg,3
ad5a6a058944_08.jpg.jpg,3
ad5a6a058944_09.jpg.jpg,5
ad5a6a058944_11.jpg.jpg,5
ad5a6a058944_13.jpg.jpg,7
ad5a6a058944_15.jpg.jpg,7
ad5a6a058944_16.jpg.jpg,7
ae296a20fdd9_03.jpg.jpg,1
ae296a20fdd9_11.jpg.jpg,5
ae296a20fdd9_13.jpg.jpg,7
b1a27da4f01c_11.jpg.jpg,5
b1a27da4f01c_13.jpg.jpg,7
b1a27da4f01c_14.jpg.jpg,7
b24fd9084449_03.jpg.jpg,1
b24fd9084449_04.jpg.jpg,1
b24fd9084449_06.jpg.jpg,3
b24fd9084449_09.jpg.jpg,5
b24fd9084449_15.jpg.jpg,7
b44091aa62e4_10.jpg.jpg,5
b44091aa62e4_11.jpg.jpg,5
b44091aa62e4_12.jpg.jpg,5
b63a6f7952d4_05.jpg.jpg,3
b63a6f7952d4_09.jpg.jpg,5
b63a6f7952d4_12.jpg.jpg,5
b63a6f7952d4_15.jpg.jpg,7
b63a6f7952d4_16.jpg.jpg,7
b98c63cd6102_01.jpg.jpg,1
b98c63cd6102_03.jpg.jpg,1
b98c63cd6102_05.jpg.jpg,3
b98c63cd6102_06.jpg.jpg,3
b98c63cd6102_07.jpg.jpg,3
b98c63cd6102_09.jpg.jpg,5
ba7e7421003b_01.jpg.jpg,1
ba7e7421003b_10.jpg.jpg,5
ba7e7421003b_11.jpg.jpg,5
ba7e7421003b_16.jpg.jpg,7
bad53871c7d9_03.jpg.jpg,1
bad53871c7d9_04.jpg.jpg,1
bad53871c7d9_08.jpg.jpg,3
bad53871c7d9_13.jpg.jpg,7
bad53871c7d9_15.jpg.jpg,7
bad53871c7d9_16.jpg.jpg,7
bb2f95262773_01.jpg.jpg,1
bb2f95262773_03.jpg.jpg,1
bb2f95262773_06.jpg.jpg,3
bb2f95262773_07.jpg.jpg,3
bb2f95262773_11.jpg.jpg,5
bb2f95262773_14.jpg.jpg,7
bb7625a3f1d4_01.jpg.jpg,1
bb7625a3f1d4_02.jpg.jpg,1
bb7625a3f1d4_09.jpg.jpg,5
bb7625a3f1d4_11.jpg.jpg,5
bb7625a3f1d4_12.jpg.jpg,5
bb7625a3f1d4_14.jpg.jpg,7
bd8d5780ed04_03.jpg.jpg,1
bd8d5780ed04_06.jpg.jpg,3
bd8d5780ed04_10.jpg.jpg,5
bd8d5780ed04_13.jpg.jpg,7
bd8d5780ed04_14.jpg.jpg,7
be86e79f1225_05.jpg.jpg,3
be86e79f1225_06.jpg.jpg,3
be86e79f1225_11.jpg.jpg,5
be86e79f1225_12.jpg.jpg,5
be86e79f1225_15.jpg.jpg,7
be86e79f1225_16.jpg.jpg,7
bec93f7ddb19_01.jpg.jpg,1
bec93f7ddb19_03.jpg.jpg,1
bec93f7ddb19_05.jpg.jpg,3
bec93f7ddb19_07.jpg.jpg,3
bec93f7ddb19_09.jpg.jpg,5
bec93f7ddb19_10.jpg.jpg,5
bec93f7ddb19_12.jpg.jpg,5
bec93f7ddb19_14.jpg.jpg,7
bec93f7ddb19_16.jpg.jpg,7
bf92e198d9b6_05.jpg.jpg,3
bf92e198d9b6_08.jpg.jpg,3
bf92e198d9b6_11.jpg.jpg,5
bf92e198d9b6_12.jpg.jpg,5
bf92e198d9b6_16.jpg.jpg,7
bf9932f7aca8_02.jpg.jpg,1
bf9932f7aca8_04.jpg.jpg,1
bf9932f7aca8_08.jpg.jpg,3
bf9932f7aca8_09.jpg.jpg,5
bf9932f7aca8_12.jpg.jpg,5
bf9932f7aca8_13.jpg.jpg,7
bf9932f7aca8_14.jpg.jpg,7
bf9a32258ef4_05.jpg.jpg,3
bf9a32258ef4_12.jpg.jpg,5
bf9a32258ef4_14.jpg.jpg,7
c24b8293eceb_02.jpg.jpg,1
c24b8293eceb_03.jpg.jpg,1
c24b8293eceb_04.jpg.jpg,1
c24b8293eceb_06.jpg.jpg,3
c24b8293eceb_10.jpg.jpg,5
c24b8293eceb_12.jpg.jpg,5
c24b8293eceb_14.jpg.jpg,7
c24b8293eceb_15.jpg.jpg,7
c2fd64144e97_04.jpg.jpg,1
c2fd64144e97_08.jpg.jpg,3
c2fd64144e97_14.jpg.jpg,7
c2fd64144e97_16.jpg.jpg,7
c353e364e931_02.jpg.jpg,1
c353e364e931_04.jpg.jpg,1
c353e364e931_08.jpg.jpg,3
c353e364e931_14.jpg.jpg,7
c353e364e931_16.jpg.jpg,7
c3614abc7405_01.jpg.jpg,1
c3614abc7405_04.jpg.jpg,1
c3614abc7405_06.jpg.jpg,3
c3614abc7405_08.jpg.jpg,3
c3614abc7405_09.jpg.jpg,5
c3614abc7405_10.jpg.jpg,5
c3614abc7405_11.jpg.jpg,5
c3dafdb02e7f_02.jpg.jpg,1
c3dafdb02e7f_07.jpg.jpg,3
c3dafdb02e7f_09.jpg.jpg,5
c3dafdb02e7f_10.jpg.jpg,5
c3dafdb02e7f_11.jpg.jpg,5
c3dafdb02e7f_13.jpg.jpg,7
c3dafdb02e7f_16.jpg.jpg,7
c4ac16c0dd59_01.jpg.jpg,1
c4ac16c0dd59_03.jpg.jpg,1
c4ac16c0dd59_04.jpg.jpg,1
c4ac16c0dd59_05.jpg.jpg,3
c4ac16c0dd59_10.jpg.jpg,5
c4ac16c0dd59_11.jpg.jpg,5
c4ac16c0dd59_14.jpg.jpg,7
c4f1840b2a65_01.jpg.jpg,1
c4f1840b2a65_10.jpg.jpg,5
c4f1840b2a65_14.jpg.jpg,7
c502287be9f6_05.jpg.jpg,3
c502287be9f6_07.jpg.jpg,3
c502287be9f6_10.jpg.jpg,5
c502287be9f6_15.jpg.jpg,7
c52b272a5329_03.jpg.jpg,1
c52b272a5329_04.jpg.jpg,1
c52b272a5329_08.jpg.jpg,3
c52b272a5329_11.jpg.jpg,5
c53e374fdd72_02.jpg.jpg,1
c53e374fdd72_03.jpg.jpg,1
c53e374fdd72_05.jpg.jpg,3
c53e374fdd72_06.jpg.jpg,3
c53e374fdd72_07.jpg.jpg,3
c53e374fdd72_10.jpg.jpg,5
c53e374fdd72_11.jpg.jpg,5
c6f50d44f141_03.jpg.jpg,1
c6f50d44f141_04.jpg.jpg,1
c6f50d44f141_05.jpg.jpg,3
c6f50d44f141_07.jpg.jpg,3
c6f50d44f141_11.jpg.jpg,5
c6f50d44f141_13.jpg.jpg,7
c6f50d44f141_15.jpg.jpg,7
c6f50d44f141_16.jpg.jpg,7
c7145a80089e_01.jpg.jpg,1
c7145a80089e_04.jpg.jpg,1
c7145a80089e_05.jpg.jpg,3
c7145a80089e_06.jpg.jpg,3
c7145a80089e_11.jpg.jpg,5
c7145a80089e_12.jpg.jpg,5
c7145a80089e_14.jpg.jpg,7
c7145a80089e_15.jpg.jpg,7
c7a94c46a3b2_04.jpg.jpg,1
c7a94c46a3b2_07.jpg.jpg,3
c7a94c46a3b2_13.jpg.jpg,7
c7a94c46a3b2_14.jpg.jpg,7
c7a94c46a3b2_15.jpg.jpg,7
c87688f6960e_03.jpg.jpg,1
c87688f6960e_04.jpg.jpg,1
c87688f6960e_07.jpg.jpg,3
c87688f6960e_09.jpg.jpg,5
c87688f6960e_11.jpg.jpg,5
c87688f6960e_13.jpg.jpg,7
c87688f6960e_14.jpg.jpg,7
c8d52e0ba341_03.jpg.jpg,1
c8d52e0ba341_04.jpg.jpg,1
c8d52e0ba341_12.jpg.jpg,5
c8d52e0ba341_14.jpg.jpg,7
c8d52e0ba341_16.jpg.jpg,7
c9acf5847ef1_01.jpg.jpg,1
c9acf5847ef1_10.jpg.jpg,5
c9acf5847ef1_14.jpg.jpg,7
c9acf5847ef1_15.jpg.jpg,7
c9acf5847ef1_16.jpg.jpg,7
c9f382c7349e_02.jpg.jpg,1
c9f382c7349e_06.jpg.jpg,3
c9f382c7349e_09.jpg.jpg,5
c9f382c7349e_11.jpg.jpg,5
c9f382c7349e_12.jpg.jpg,5
c9f382c7349e_15.jpg.jpg,7
cafee4122080_08.jpg.jpg,3
cafee4122080_13.jpg.jpg,7
cafee4122080_15.jpg.jpg,7
cafee4122080_16.jpg.jpg,7
cd2e588ef1c5_01.jpg.jpg,1
cd2e588ef1c5_06.jpg.jpg,3
cd2e588ef1c5_07.jpg.jpg,3
cd2e588ef1c5_16.jpg.jpg,7
ce74dfdf123b_02.jpg.jpg,1
ce74dfdf123b_04.jpg.jpg,1
ce74dfdf123b_14.jpg.jpg,7
cf5add31c130_01.jpg.jpg,1
cf5add31c130_02.jpg.jpg,1
cf5add31c130_09.jpg.jpg,5
cf5add31c130_11.jpg.jpg,5
cf65b1c5e147_01.jpg.jpg,1
cf65b1c5e147_02.jpg.jpg,1
cf65b1c5e147_06.jpg.jpg,3
cf65b1c5e147_07.jpg.jpg,3
cf65b1c5e147_08.jpg.jpg,3
cf65b1c5e147_11.jpg.jpg,5
cf65b1c5e147_14.jpg.jpg,7
cf65b1c5e147_15.jpg.jpg,7
cf89c3220bc4_08.jpg.jpg,3
cf89c3220bc4_09.jpg.jpg,5
d0392fd5feb6_09.jpg.jpg,5
d0392fd5feb6_10.jpg.jpg,5
d0dab700c896_07.jpg.jpg,3
d0dab700c896_14.jpg.jpg,7
d1a3af34e674_08.jpg.jpg,3
d1a3af34e674_10.jpg.jpg,5
d1a3af34e674_11.jpg.jpg,5
d1a3af34e674_12.jpg.jpg,5
d1a3af34e674_13.jpg.jpg,7
d1a3af34e674_16.jpg.jpg,7
d22e6a2ca6df_07.jpg.jpg,3
d22e6a2ca6df_10.jpg.jpg,5
d326cb5c3d12_05.jpg.jpg,3
d326cb5c3d12_08.jpg.jpg,3
d326cb5c3d12_11.jpg.jpg,5
d326cb5c3d12_12.jpg.jpg,5
d326cb5c3d12_15.jpg.jpg,7
d3d0d2662918_02.jpg.jpg,1
d3d0d2662918_03.jpg.jpg,1
d3d0d2662918_04.jpg.jpg,1
d3d0d2662918_12.jpg.jpg,5
d3d0d2662918_13.jpg.jpg,7
d3d0d2662918_14.jpg.jpg,7
d3d0d2662918_15.jpg.jpg,7
d3d0d2662918_16.jpg.jpg,7
d46244bc42ed_01.jpg.jpg,1
d46244bc42ed_03.jpg.jpg,1
d46244bc42ed_06.jpg.jpg,3
d46244bc42ed_09.jpg.jpg,5
d46244bc42ed_11.jpg.jpg,5
d46244bc42ed_13.jpg.jpg,7
d61b6bfeabb2_02.jpg.jpg,1
d61b6bfeabb2_06.jpg.jpg,3
d61b6bfeabb2_09.jpg.jpg,5
d8216041ffa9_01.jpg.jpg,1
d8216041ffa9_08.jpg.jpg,3
d8e1c401ac3c_04.jpg.jpg,1
d8e1c401ac3c_07.jpg.jpg,3
d8e1c401ac3c_14.jpg.jpg,7
d8e1c401ac3c_15.jpg.jpg,7
d8f11603ef08_01.jpg.jpg,1
d8f11603ef08_03.jpg.jpg,1
d8f11603ef08_05.jpg.jpg,3
d8f11603ef08_06.jpg.jpg,3
d8f11603ef08_15.jpg.jpg,7
d8f11603ef08_16.jpg.jpg,7
d9b2ded58b72_01.jpg.jpg,1
d9b2ded58b72_02.jpg.jpg,1
d9b2ded58b72_04.jpg.jpg,1
d9b2ded58b72_06.jpg.jpg,3
d9b2ded58b72_07.jpg.jpg,3
d9b2ded58b72_08.jpg.jpg,3
d9b2ded58b72_11.jpg.jpg,5
d9b2ded58b72_12.jpg.jpg,5
d9b2ded58b72_13.jpg.jpg,7
d9b2ded58b72_14.jpg.jpg,7
d9b2ded58b72_15.jpg.jpg,7
d9b2ded58b72_16.jpg.jpg,7
db09fec614d2_01.jpg.jpg,1
db09fec614d2_02.jpg.jpg,1
db09fec614d2_03.jpg.jpg,1
db09fec614d2_08.jpg.jpg,3
db09fec614d2_10.jpg.jpg,5
db09fec614d2_13.jpg.jpg,7
db09fec614d2_14.jpg.jpg,7
db09fec614d2_16.jpg.jpg,7
dc1c5c2b9e49_05.jpg.jpg,3
dc1c5c2b9e49_08.jpg.jpg,3
dc1c5c2b9e49_11.jpg.jpg,5
dc1c5c2b9e49_15.jpg.jpg,7
dc1c5c2b9e49_16.jpg.jpg,7
dc995bf5296a_03.jpg.jpg,1
dc995bf5296a_06.jpg.jpg,3
dc995bf5296a_07.jpg.jpg,3
dc995bf5296a_08.jpg.jpg,3
dc995bf5296a_09.jpg.jpg,5
dc995bf5296a_11.jpg.jpg,5
dd47eb7ac4ee_04.jpg.jpg,1
dd47eb7ac4ee_06.jpg.jpg,3
dd47eb7ac4ee_08.jpg.jpg,3
dd47eb7ac4ee_09.jpg.jpg,5
dd47eb7ac4ee_11.jpg.jpg,5
dd47eb7ac4ee_12.jpg.jpg,5
dd47eb7ac4ee_15.jpg.jpg,7
dd70a0a51e3b_02.jpg.jpg,1
dd70a0a51e3b_03.jpg.jpg,1
dd70a0a51e3b_05.jpg.jpg,3
dd70a0a51e3b_07.jpg.jpg,3
dd70a0a51e3b_11.jpg.jpg,5
dd70a0a51e3b_14.jpg.jpg,7
dd70a0a51e3b_15.jpg.jpg,7
ddb513df9406_02.jpg.jpg,1
ddb513df9406_08.jpg.jpg,3
ddb513df9406_10.jpg.jpg,5
ddb513df9406_14.jpg.jpg,7
de3ca5ec1e59_04.jpg.jpg,1
de3ca5ec1e59_07.jpg.jpg,3
de3ca5ec1e59_11.jpg.jpg,5
de3ca5ec1e59_12.jpg.jpg,5
de74550a306a_02.jpg.jpg,1
de74550a306a_04.jpg.jpg,1
de74550a306a_05.jpg.jpg,3
de74550a306a_06.jpg.jpg,3
de74550a306a_09.jpg.jpg,5
de74550a306a_11.jpg.jpg,5
de74550a306a_14.jpg.jpg,7
de74550a306a_15.jpg.jpg,7
de74550a306a_16.jpg.jpg,7
df642435a951_05.jpg.jpg,3
df642435a951_09.jpg.jpg,5
df642435a951_10.jpg.jpg,5
df642435a951_14.jpg.jpg,7
e05b96cc2b0d_01.jpg.jpg,1
e05b96cc2b0d_02.jpg.jpg,1
e05b96cc2b0d_06.jpg.jpg,3
e05b96cc2b0d_11.jpg.jpg,5
e05b96cc2b0d_14.jpg.jpg,7
e05b96cc2b0d_16.jpg.jpg,7
e114fcbb9723_02.jpg.jpg,1
e114fcbb9723_03.jpg.jpg,1
e114fcbb9723_07.jpg.jpg,3
e114fcbb9723_09.jpg.jpg,5
e114fcbb9723_14.jpg.jpg,7
e114fcbb9723_15.jpg.jpg,7
e1d2c25f3510_03.jpg.jpg,1
e1d2c25f3510_04.jpg.jpg,1
e1d2c25f3510_05.jpg.jpg,3
e1d2c25f3510_12.jpg.jpg,5
e1d2c25f3510_13.jpg.jpg,7
e1d2c25f3510_14.jpg.jpg,7
e1d2c25f3510_16.jpg.jpg,7
e2230d0ceb02_01.jpg.jpg,1
e2230d0ceb02_02.jpg.jpg,1
e2230d0ceb02_03.jpg.jpg,1
e2230d0ceb02_06.jpg.jpg,3
e2230d0ceb02_08.jpg.jpg,3
e2230d0ceb02_13.jpg.jpg,7
e2230d0ceb02_15.jpg.jpg,7
e597d76a0c33_04.jpg.jpg,1
e597d76a0c33_09.jpg.jpg,5
e597d76a0c33_11.jpg.jpg,5
e597d76a0c33_13.jpg.jpg,7
e597d76a0c33_15.jpg.jpg,7
e5fc2c1c4a8b_04.jpg.jpg,1
e5fc2c1c4a8b_05.jpg.jpg,3
e5fc2c1c4a8b_12.jpg.jpg,5
e5fc2c1c4a8b_13.jpg.jpg,7
e6892bf10d31_03.jpg.jpg,1
e6892bf10d31_06.jpg.jpg,3
e8f607100c1f_02.jpg.jpg,1
e8f607100c1f_07.jpg.jpg,3
e8f607100c1f_08.jpg.jpg,3
e8f607100c1f_12.jpg.jpg,5
e8f607100c1f_15.jpg.jpg,7
eaf9eb0b2293_02.jpg.jpg,1
eaf9eb0b2293_03.jpg.jpg,1
eaf9eb0b2293_06.jpg.jpg,3
eaf9eb0b2293_09.jpg.jpg,5
eaf9eb0b2293_10.jpg.jpg,5
eaf9eb0b2293_11.jpg.jpg,5
eaf9eb0b2293_13.jpg.jpg,7
eaf9eb0b2293_15.jpg.jpg,7
eaf9eb0b2293_16.jpg.jpg,7
eb07e3f63ad2_01.jpg.jpg,1
eb07e3f63ad2_07.jpg.jpg,3
eb07e3f63ad2_13.jpg.jpg,7
eb07e3f63ad2_14.jpg.jpg,7
eb07e3f63ad2_15.jpg.jpg,7
eb07e3f63ad2_16.jpg.jpg,7
eb91b1c659a0_03.jpg.jpg,1
eb91b1c659a0_12.jpg.jpg,5
eb91b1c659a0_13.jpg.jpg,7
eb91b1c659a0_14.jpg.jpg,7
ebfdf6ec7ede_02.jpg.jpg,1
ebfdf6ec7ede_04.jpg.jpg,1
ebfdf6ec7ede_11.jpg.jpg,5
ebfdf6ec7ede_15.jpg.jpg,7
ed13cbcdd5d8_01.jpg.jpg,1
ed13cbcdd5d8_03.jpg.jpg,1
ed13cbcdd5d8_05.jpg.jpg,3
ed13cbcdd5d8_12.jpg.jpg,5
ed13cbcdd5d8_16.jpg.jpg,7
ed8472086df8_02.jpg.jpg,1
ed8472086df8_04.jpg.jpg,1
ed8472086df8_05.jpg.jpg,3
ed8472086df8_08.jpg.jpg,3
ed8472086df8_10.jpg.jpg,5
eeb7eeca738e_05.jpg.jpg,3
eeb7eeca738e_09.jpg.jpg,5
eeb7eeca738e_14.jpg.jpg,7
eeb7eeca738e_15.jpg.jpg,7
eefc0d8c94f0_01.jpg.jpg,1
eefc0d8c94f0_03.jpg.jpg,1
eefc0d8c94f0_04.jpg.jpg,1
eefc0d8c94f0_05.jpg.jpg,3
eefc0d8c94f0_07.jpg.jpg,3
eefc0d8c94f0_08.jpg.jpg,3
eefc0d8c94f0_10.jpg.jpg,5
eefc0d8c94f0_13.jpg.jpg,7
eefc0d8c94f0_14.jpg.jpg,7
eefc0d8c94f0_16.jpg.jpg,7
ef5567efd904_01.jpg.jpg,1
ef5567efd904_09.jpg.jpg,5
ef5567efd904_12.jpg.jpg,5
ef5567efd904_14.jpg.jpg,7
ef5567efd904_15.jpg.jpg,7
ef5567efd904_16.jpg.jpg,7
efaef69e148d_04.jpg.jpg,1
efaef69e148d_05.jpg.jpg,3
efaef69e148d_11.jpg.jpg,5
efaef69e148d_12.jpg.jpg,5
efaef69e148d_16.jpg.jpg,7
f00905abd3d7_02.jpg.jpg,1
f00905abd3d7_03.jpg.jpg,1
f00905abd3d7_06.jpg.jpg,3
f00905abd3d7_08.jpg.jpg,3
f00905abd3d7_09.jpg.jpg,5
f00905abd3d7_15.jpg.jpg,7
f1eb080c7182_12.jpg.jpg,5
f1eb080c7182_15.jpg.jpg,7
f1eb080c7182_16.jpg.jpg,7
f3b482e091c0_03.jpg.jpg,1
f3b482e091c0_08.jpg.jpg,3
f3b482e091c0_16.jpg.jpg,7
f3eee6348205_06.jpg.jpg,3
f3eee6348205_08.jpg.jpg,3
f3eee6348205_09.jpg.jpg,5
f3eee6348205_11.jpg.jpg,5
f3eee6348205_16.jpg.jpg,7
f4cd1286d5f4_04.jpg.jpg,1
f4cd1286d5f4_08.jpg.jpg,3
f4cd1286d5f4_11.jpg.jpg,5
f4cd1286d5f4_13.jpg.jpg,7
f4cd1286d5f4_15.jpg.jpg,7
f4cd1286d5f4_16.jpg.jpg,7
f591b4f2e006_02.jpg.jpg,1
f591b4f2e006_03.jpg.jpg,1
f591b4f2e006_04.jpg.jpg,1
f591b4f2e006_06.jpg.jpg,3
f591b4f2e006_07.jpg.jpg,3
f591b4f2e006_09.jpg.jpg,5
f591b4f2e006_12.jpg.jpg,5
f591b4f2e006_14.jpg.jpg,7
f591b4f2e006_15.jpg.jpg,7
f70052627830_01.jpg.jpg,1
f70052627830_02.jpg.jpg,1
f70052627830_03.jpg.jpg,1
f70052627830_04.jpg.jpg,1
f70052627830_15.jpg.jpg,7
f70052627830_16.jpg.jpg,7
f707d6fbc0cd_01.jpg.jpg,1
f707d6fbc0cd_04.jpg.jpg,1
f707d6fbc0cd_06.jpg.jpg,3
f707d6fbc0cd_16.jpg.jpg,7
f7ad86e13ed7_03.jpg.jpg,1
f7ad86e13ed7_05.jpg.jpg,3
f7ad86e13ed7_11.jpg.jpg,5
f7ad86e13ed7_15.jpg.jpg,7
f8b6f4c39204_02.jpg.jpg,1
f98dbe8a5ee2_04.jpg.jpg,1
f98dbe8a5ee2_05.jpg.jpg,3
f98dbe8a5ee2_07.jpg.jpg,3
f98dbe8a5ee2_10.jpg.jpg,5
fa006be8b6d9_02.jpg.jpg,1
fa006be8b6d9_05.jpg.jpg,3
fa006be8b6d9_07.jpg.jpg,3
fa006be8b6d9_08.jpg.jpg,3
fa006be8b6d9_11.jpg.jpg,5
fa006be8b6d9_13.jpg.jpg,7
fa006be8b6d9_15.jpg.jpg,7
fa613ac8eac5_03.jpg.jpg,1
fa613ac8eac5_08.jpg.jpg,3
fa613ac8eac5_09.jpg.jpg,5
fa613ac8eac5_10.jpg.jpg,5
fa613ac8eac5_11.jpg.jpg,5
fa613ac8eac5_14.jpg.jpg,7
fa613ac8eac5_15.jpg.jpg,7
fa613ac8eac5_16.jpg.jpg,7
fb1b923dd978_01.jpg.jpg,1
fb1b923dd978_02.jpg.jpg,1
fb1b923dd978_03.jpg.jpg,1
fb1b923dd978_04.jpg.jpg,1
fb1b923dd978_12.jpg.jpg,5
fb1b923dd978_14.jpg.jpg,7
fc237174b128_04.jpg.jpg,1
fc237174b128_05.jpg.jpg,3
fc237174b128_09.jpg.jpg,5
fc237174b128_11.jpg.jpg,5
fc237174b128_13.jpg.jpg,7
fc237174b128_14.jpg.jpg,7
fc5f1a3a66cf_02.jpg.jpg,1
fc5f1a3a66cf_04.jpg.jpg,1
fc5f1a3a66cf_05.jpg.jpg,3
fc5f1a3a66cf_08.jpg.jpg,3
fce0ba5b8ed7_01.jpg.jpg,1
fce0ba5b8ed7_03.jpg.jpg,1
fce0ba5b8ed7_04.jpg.jpg,1
fce0ba5b8ed7_05.jpg.jpg,3
fce0ba5b8ed7_15.jpg.jpg,7
fd9da5d0bb6f_01.jpg.jpg,1
fd9da5d0bb6f_02.jpg.jpg,1
fd9da5d0bb6f_05.jpg.jpg,3
fd9da5d0bb6f_06.jpg.jpg,3
fd9da5d0bb6f_09.jpg.jpg,5
fd9da5d0bb6f_10.jpg.jpg,5
fd9da5d0bb6f_12.jpg.jpg,5
fd9da5d0bb6f_15.jpg.jpg,7
fd9da5d0bb6f_16.jpg.jpg,7
fdc2c87853ce_07.jpg.jpg,3
fdc2c87853ce_08.jpg.jpg,3
fdc2c87853ce_12.jpg.jpg,5
fdc2c87853ce_14.jpg.jpg,7
fdc2c87853ce_15.jpg.jpg,7
feaf59172a01_02.jpg.jpg,1
feaf59172a01_03.jpg.jpg,1
feaf59172a01_05.jpg.jpg,3
feaf59172a01_14.jpg.jpg,7
feaf59172a01_16.jpg.jpg,7
fecea3036c59_07.jpg.jpg,3
fecea3036c59_08.jpg.jpg,3
fecea3036c59_10.jpg.jpg,5
fecea3036c59_13.jpg.jpg,7
fecea3036c59_16.jpg.jpg,7
fff9b3a5373f_01.jpg.jpg,1
fff9b3a5373f_02.jpg.jpg,1
fff9b3a5373f_04.jpg.jpg,1
fff9b3a5373f_09.jpg.jpg,5
fff9b3a5373f_10.jpg.jpg,5
fff9b3a5373f_13.jpg.jpg,7
